,SecurityID,ZXF
0,000001.SZE,40
1,000002.SZE,42
2,000004.SZE,35
3,000005.SZE,20
4,000006.SZE,42
5,000007.SZE,42
6,000008.SZE,26
7,000009.SZE,70
8,000010.SZE,23
9,000011.SZE,42
10,000012.SZE,24
11,000014.SZE,42
12,000016.SZE,33
13,000017.SZE,26
14,000018.SZE,23
15,000019.SZE,36
16,000020.SZE,60
17,000021.SZE,60
18,000023.SZE,24
19,000025.SZE,70
20,000026.SZE,31
21,000027.SZE,20
22,000028.SZE,35
23,000029.SZE,42
24,000030.SZE,30
25,000031.SZE,42
26,000032.SZE,61
27,000034.SZE,62
28,000035.SZE,20
29,000036.SZE,42
30,000037.SZE,20
31,000038.SZE,63
32,000039.SZE,26
33,000040.SZE,20
34,000042.SZE,42
35,000045.SZE,60
36,000046.SZE,42
37,000048.SZE,37
38,000049.SZE,60
39,000050.SZE,60
40,000055.SZE,24
41,000056.SZE,42
42,000058.SZE,42
43,000059.SZE,10
44,000060.SZE,12
45,000061.SZE,37
46,000062.SZE,42
47,000063.SZE,61
48,000065.SZE,23
49,000066.SZE,62
50,000068.SZE,20
51,000069.SZE,42
52,000070.SZE,61
53,000078.SZE,35
54,000088.SZE,50
55,000089.SZE,50
56,000090.SZE,23
57,000096.SZE,10
58,000099.SZE,50
59,000100.SZE,60
60,000150.SZE,35
61,000151.SZE,31
62,000153.SZE,35
63,000155.SZE,31
64,000156.SZE,63
65,000157.SZE,26
66,000158.SZE,62
67,000159.SZE,10
68,000166.SZE,41
69,000301.SZE,10
70,000333.SZE,33
71,000338.SZE,30
72,000400.SZE,27
73,000401.SZE,24
74,000402.SZE,42
75,000403.SZE,35
76,000404.SZE,33
77,000407.SZE,20
78,000408.SZE,22
79,000409.SZE,70
80,000410.SZE,26
81,000411.SZE,35
82,000413.SZE,60
83,000415.SZE,41
84,000416.SZE,41
85,000417.SZE,31
86,000419.SZE,31
87,000420.SZE,22
88,000421.SZE,20
89,000422.SZE,22
90,000423.SZE,35
91,000425.SZE,26
92,000426.SZE,12
93,000428.SZE,32
94,000429.SZE,50
95,000430.SZE,32
96,000488.SZE,25
97,000498.SZE,23
98,000501.SZE,31
99,000502.SZE,42
100,000503.SZE,35
101,000504.SZE,70
102,000505.SZE,36
103,000506.SZE,42
104,000507.SZE,50
105,000509.SZE,24
106,000510.SZE,22
107,000513.SZE,35
108,000514.SZE,42
109,000516.SZE,35
110,000517.SZE,42
111,000518.SZE,35
112,000519.SZE,28
113,000520.SZE,50
114,000521.SZE,33
115,000523.SZE,22
116,000524.SZE,32
117,000525.SZE,22
118,000526.SZE,70
119,000528.SZE,26
120,000529.SZE,70
121,000530.SZE,26
122,000531.SZE,20
123,000532.SZE,60
124,000533.SZE,33
125,000534.SZE,42
126,000536.SZE,60
127,000537.SZE,42
128,000538.SZE,35
129,000539.SZE,20
130,000540.SZE,42
131,000541.SZE,33
132,000543.SZE,20
133,000544.SZE,20
134,000545.SZE,22
135,000546.SZE,24
136,000547.SZE,28
137,000548.SZE,50
138,000550.SZE,30
139,000551.SZE,27
140,000552.SZE,11
141,000553.SZE,22
142,000554.SZE,10
143,000555.SZE,62
144,000557.SZE,50
145,000558.SZE,42
146,000559.SZE,30
147,000560.SZE,31
148,000561.SZE,28
149,000563.SZE,41
150,000564.SZE,31
151,000565.SZE,22
152,000566.SZE,35
153,000567.SZE,41
154,000568.SZE,36
155,000570.SZE,26
156,000571.SZE,70
157,000572.SZE,30
158,000573.SZE,42
159,000576.SZE,36
160,000581.SZE,30
161,000582.SZE,50
162,000584.SZE,26
163,000585.SZE,27
164,000586.SZE,61
165,000587.SZE,31
166,000589.SZE,30
167,000590.SZE,35
168,000591.SZE,20
169,000592.SZE,37
170,000593.SZE,20
171,000595.SZE,26
172,000596.SZE,36
173,000597.SZE,35
174,000598.SZE,20
175,000599.SZE,30
176,000600.SZE,20
177,000601.SZE,20
178,000603.SZE,12
179,000605.SZE,20
180,000606.SZE,62
181,000607.SZE,63
182,000608.SZE,42
183,000609.SZE,42
184,000610.SZE,32
185,000611.SZE,34
186,000612.SZE,12
187,000613.SZE,32
188,000615.SZE,42
189,000616.SZE,42
190,000617.SZE,41
191,000619.SZE,24
192,000620.SZE,42
193,000622.SZE,70
194,000623.SZE,41
195,000625.SZE,30
196,000626.SZE,31
197,000627.SZE,41
198,000628.SZE,23
199,000629.SZE,21
200,000630.SZE,12
201,000631.SZE,42
202,000632.SZE,31
203,000633.SZE,12
204,000635.SZE,22
205,000636.SZE,60
206,000637.SZE,10
207,000638.SZE,70
208,000639.SZE,36
209,000650.SZE,35
210,000651.SZE,33
211,000652.SZE,70
212,000655.SZE,21
213,000656.SZE,42
214,000657.SZE,12
215,000659.SZE,25
216,000661.SZE,35
217,000662.SZE,62
218,000663.SZE,37
219,000665.SZE,63
220,000666.SZE,41
221,000667.SZE,42
222,000668.SZE,42
223,000669.SZE,20
224,000670.SZE,60
225,000671.SZE,42
226,000672.SZE,24
227,000673.SZE,63
228,000676.SZE,63
229,000677.SZE,22
230,000678.SZE,30
231,000679.SZE,31
232,000680.SZE,26
233,000681.SZE,63
234,000682.SZE,27
235,000683.SZE,22
236,000685.SZE,20
237,000686.SZE,41
238,000687.SZE,28
239,000688.SZE,12
240,000690.SZE,20
241,000691.SZE,42
242,000692.SZE,20
243,000695.SZE,20
244,000697.SZE,28
245,000698.SZE,10
246,000700.SZE,30
247,000701.SZE,60
248,000702.SZE,37
249,000703.SZE,10
250,000705.SZE,35
251,000707.SZE,22
252,000708.SZE,21
253,000709.SZE,21
254,000710.SZE,35
255,000711.SZE,20
256,000712.SZE,41
257,000713.SZE,37
258,000715.SZE,31
259,000716.SZE,36
260,000717.SZE,21
261,000718.SZE,42
262,000719.SZE,63
263,000720.SZE,20
264,000721.SZE,32
265,000722.SZE,20
266,000723.SZE,11
267,000725.SZE,60
268,000726.SZE,34
269,000727.SZE,60
270,000728.SZE,41
271,000729.SZE,36
272,000731.SZE,22
273,000732.SZE,42
274,000733.SZE,60
275,000735.SZE,37
276,000736.SZE,42
277,000737.SZE,22
278,000738.SZE,28
279,000739.SZE,35
280,000750.SZE,41
281,000751.SZE,12
282,000752.SZE,36
283,000753.SZE,70
284,000755.SZE,50
285,000756.SZE,35
286,000757.SZE,30
287,000758.SZE,12
288,000759.SZE,31
289,000760.SZE,26
290,000761.SZE,21
291,000762.SZE,12
292,000766.SZE,35
293,000767.SZE,20
294,000768.SZE,28
295,000776.SZE,41
296,000777.SZE,26
297,000778.SZE,21
298,000779.SZE,34
299,000780.SZE,11
300,000782.SZE,22
301,000783.SZE,41
302,000785.SZE,31
303,000786.SZE,24
304,000788.SZE,35
305,000789.SZE,24
306,000790.SZE,35
307,000791.SZE,20
308,000792.SZE,22
309,000793.SZE,63
310,000795.SZE,24
311,000796.SZE,32
312,000797.SZE,42
313,000798.SZE,37
314,000799.SZE,36
315,000800.SZE,30
316,000801.SZE,33
317,000802.SZE,63
318,000803.SZE,70
319,000806.SZE,27
320,000807.SZE,12
321,000809.SZE,42
322,000810.SZE,33
323,000811.SZE,26
324,000812.SZE,25
325,000813.SZE,35
326,000815.SZE,25
327,000816.SZE,26
328,000818.SZE,22
329,000819.SZE,10
330,000820.SZE,20
331,000821.SZE,26
332,000822.SZE,22
333,000823.SZE,60
334,000825.SZE,21
335,000826.SZE,20
336,000828.SZE,50
337,000829.SZE,31
338,000830.SZE,22
339,000831.SZE,12
340,000833.SZE,25
341,000835.SZE,63
342,000836.SZE,61
343,000837.SZE,26
344,000838.SZE,42
345,000839.SZE,70
346,000848.SZE,36
347,000850.SZE,34
348,000851.SZE,61
349,000852.SZE,26
350,000856.SZE,26
351,000858.SZE,36
352,000859.SZE,22
353,000860.SZE,36
354,000861.SZE,31
355,000862.SZE,27
356,000863.SZE,42
357,000868.SZE,30
358,000869.SZE,36
359,000875.SZE,20
360,000876.SZE,37
361,000877.SZE,24
362,000878.SZE,12
363,000880.SZE,26
364,000881.SZE,70
365,000882.SZE,31
366,000883.SZE,20
367,000885.SZE,24
368,000886.SZE,50
369,000887.SZE,30
370,000888.SZE,32
371,000889.SZE,61
372,000890.SZE,26
373,000892.SZE,63
374,000893.SZE,37
375,000895.SZE,36
376,000897.SZE,42
377,000898.SZE,21
378,000899.SZE,20
379,000900.SZE,50
380,000901.SZE,28
381,000902.SZE,22
382,000903.SZE,30
383,000905.SZE,50
384,000906.SZE,31
385,000908.SZE,35
386,000909.SZE,70
387,000910.SZE,25
388,000911.SZE,37
389,000912.SZE,22
390,000913.SZE,30
391,000915.SZE,35
392,000917.SZE,63
393,000918.SZE,42
394,000919.SZE,35
395,000920.SZE,20
396,000921.SZE,33
397,000922.SZE,27
398,000923.SZE,26
399,000925.SZE,26
400,000926.SZE,42
401,000927.SZE,30
402,000928.SZE,23
403,000929.SZE,36
404,000930.SZE,37
405,000931.SZE,70
406,000932.SZE,21
407,000933.SZE,12
408,000935.SZE,24
409,000936.SZE,22
410,000937.SZE,11
411,000938.SZE,62
412,000939.SZE,20
413,000948.SZE,62
414,000949.SZE,22
415,000950.SZE,35
416,000951.SZE,30
417,000952.SZE,35
418,000953.SZE,22
419,000955.SZE,34
420,000957.SZE,30
421,000958.SZE,20
422,000959.SZE,21
423,000960.SZE,12
424,000961.SZE,42
425,000962.SZE,12
426,000963.SZE,35
427,000965.SZE,42
428,000966.SZE,20
429,000967.SZE,20
430,000968.SZE,10
431,000969.SZE,12
432,000970.SZE,60
433,000971.SZE,61
434,000972.SZE,37
435,000973.SZE,22
436,000975.SZE,12
437,000976.SZE,26
438,000977.SZE,62
439,000978.SZE,32
440,000980.SZE,30
441,000981.SZE,42
442,000982.SZE,34
443,000983.SZE,11
444,000985.SZE,10
445,000987.SZE,41
446,000988.SZE,60
447,000989.SZE,35
448,000990.SZE,22
449,000993.SZE,20
450,000995.SZE,36
451,000996.SZE,41
452,000997.SZE,62
453,000998.SZE,37
454,000999.SZE,35
455,001696.SZE,26
456,001872.SZE,50
457,001896.SZE,20
458,001914.SZE,42
459,001965.SZE,50
460,001979.SZE,42
461,002001.SZE,35
462,002002.SZE,22
463,002003.SZE,34
464,002004.SZE,22
465,002005.SZE,60
466,002006.SZE,26
467,002007.SZE,35
468,002008.SZE,60
469,002009.SZE,26
470,002010.SZE,50
471,002011.SZE,26
472,002012.SZE,25
473,002013.SZE,28
474,002014.SZE,25
475,002015.SZE,22
476,002016.SZE,42
477,002017.SZE,61
478,002019.SZE,35
479,002020.SZE,35
480,002021.SZE,26
481,002022.SZE,35
482,002023.SZE,26
483,002024.SZE,31
484,002025.SZE,28
485,002026.SZE,26
486,002027.SZE,63
487,002028.SZE,27
488,002029.SZE,34
489,002030.SZE,35
490,002031.SZE,26
491,002032.SZE,33
492,002033.SZE,32
493,002034.SZE,20
494,002035.SZE,33
495,002036.SZE,60
496,002037.SZE,22
497,002038.SZE,35
498,002039.SZE,20
499,002040.SZE,50
500,002041.SZE,37
501,002042.SZE,34
502,002043.SZE,24
503,002044.SZE,35
504,002045.SZE,60
505,002046.SZE,26
506,002047.SZE,23
507,002048.SZE,30
508,002049.SZE,60
509,002050.SZE,33
510,002051.SZE,23
511,002052.SZE,60
512,002053.SZE,22
513,002054.SZE,22
514,002055.SZE,60
515,002056.SZE,60
516,002057.SZE,21
517,002058.SZE,26
518,002059.SZE,32
519,002060.SZE,23
520,002061.SZE,22
521,002062.SZE,23
522,002063.SZE,62
523,002064.SZE,22
524,002065.SZE,62
525,002066.SZE,24
526,002067.SZE,25
527,002068.SZE,22
528,002069.SZE,37
529,002071.SZE,63
530,002072.SZE,62
531,002073.SZE,26
532,002074.SZE,27
533,002075.SZE,21
534,002076.SZE,33
535,002077.SZE,42
536,002078.SZE,25
537,002079.SZE,60
538,002080.SZE,24
539,002081.SZE,23
540,002082.SZE,12
541,002083.SZE,34
542,002084.SZE,25
543,002085.SZE,30
544,002086.SZE,37
545,002087.SZE,34
546,002088.SZE,24
547,002089.SZE,61
548,002090.SZE,62
549,002091.SZE,31
550,002092.SZE,22
551,002093.SZE,61
552,002094.SZE,22
553,002095.SZE,63
554,002096.SZE,22
555,002097.SZE,26
556,002098.SZE,34
557,002099.SZE,35
558,002100.SZE,37
559,002101.SZE,30
560,002102.SZE,31
561,002103.SZE,63
562,002104.SZE,61
563,002105.SZE,26
564,002106.SZE,60
565,002107.SZE,35
566,002108.SZE,22
567,002109.SZE,22
568,002110.SZE,21
569,002111.SZE,28
570,002112.SZE,27
571,002113.SZE,63
572,002114.SZE,12
573,002115.SZE,61
574,002116.SZE,23
575,002117.SZE,25
576,002118.SZE,35
577,002119.SZE,60
578,002120.SZE,50
579,002121.SZE,27
580,002122.SZE,26
581,002123.SZE,63
582,002124.SZE,37
583,002125.SZE,22
584,002126.SZE,30
585,002127.SZE,31
586,002128.SZE,11
587,002129.SZE,27
588,002130.SZE,60
589,002131.SZE,63
590,002132.SZE,26
591,002133.SZE,42
592,002134.SZE,60
593,002135.SZE,23
594,002136.SZE,22
595,002137.SZE,63
596,002138.SZE,60
597,002139.SZE,60
598,002140.SZE,23
599,002141.SZE,60
600,002142.SZE,40
601,002144.SZE,34
602,002145.SZE,22
603,002146.SZE,42
604,002147.SZE,42
605,002148.SZE,61
606,002149.SZE,12
607,002150.SZE,26
608,002151.SZE,28
609,002152.SZE,62
610,002153.SZE,62
611,002154.SZE,34
612,002155.SZE,12
613,002156.SZE,60
614,002157.SZE,37
615,002158.SZE,26
616,002159.SZE,32
617,002160.SZE,12
618,002161.SZE,61
619,002162.SZE,24
620,002163.SZE,24
621,002164.SZE,26
622,002165.SZE,22
623,002166.SZE,35
624,002167.SZE,12
625,002168.SZE,63
626,002169.SZE,27
627,002170.SZE,22
628,002171.SZE,12
629,002172.SZE,10
630,002173.SZE,35
631,002174.SZE,63
632,002175.SZE,63
633,002176.SZE,26
634,002177.SZE,62
635,002178.SZE,23
636,002179.SZE,28
637,002180.SZE,60
638,002181.SZE,63
639,002182.SZE,12
640,002183.SZE,50
641,002184.SZE,26
642,002185.SZE,60
643,002186.SZE,32
644,002187.SZE,31
645,002188.SZE,63
646,002189.SZE,60
647,002190.SZE,28
648,002191.SZE,25
649,002192.SZE,12
650,002193.SZE,34
651,002194.SZE,61
652,002195.SZE,62
653,002196.SZE,26
654,002197.SZE,60
655,002198.SZE,35
656,002199.SZE,60
657,002200.SZE,37
658,002201.SZE,24
659,002202.SZE,27
660,002203.SZE,12
661,002204.SZE,26
662,002205.SZE,24
663,002206.SZE,10
664,002207.SZE,26
665,002208.SZE,42
666,002209.SZE,26
667,002210.SZE,50
668,002211.SZE,22
669,002212.SZE,27
670,002213.SZE,30
671,002214.SZE,28
672,002215.SZE,22
673,002216.SZE,36
674,002217.SZE,60
675,002218.SZE,27
676,002219.SZE,35
677,002220.SZE,37
678,002221.SZE,10
679,002222.SZE,60
680,002223.SZE,35
681,002224.SZE,22
682,002225.SZE,24
683,002226.SZE,22
684,002227.SZE,27
685,002228.SZE,25
686,002229.SZE,25
687,002230.SZE,62
688,002231.SZE,61
689,002232.SZE,62
690,002233.SZE,24
691,002234.SZE,37
692,002235.SZE,25
693,002236.SZE,60
694,002237.SZE,12
695,002238.SZE,63
696,002239.SZE,30
697,002240.SZE,37
698,002241.SZE,60
699,002242.SZE,33
700,002243.SZE,25
701,002244.SZE,42
702,002245.SZE,50
703,002246.SZE,22
704,002247.SZE,63
705,002248.SZE,26
706,002249.SZE,26
707,002250.SZE,22
708,002251.SZE,31
709,002252.SZE,35
710,002253.SZE,62
711,002254.SZE,10
712,002255.SZE,26
713,002256.SZE,27
714,002258.SZE,22
715,002259.SZE,20
716,002260.SZE,33
717,002261.SZE,62
718,002262.SZE,35
719,002263.SZE,22
720,002264.SZE,31
721,002265.SZE,30
722,002266.SZE,27
723,002267.SZE,20
724,002268.SZE,62
725,002269.SZE,34
726,002270.SZE,26
727,002271.SZE,24
728,002272.SZE,26
729,002273.SZE,60
730,002274.SZE,22
731,002275.SZE,35
732,002276.SZE,27
733,002277.SZE,31
734,002278.SZE,26
735,002279.SZE,62
736,002280.SZE,62
737,002281.SZE,61
738,002282.SZE,26
739,002283.SZE,30
740,002284.SZE,30
741,002285.SZE,42
742,002286.SZE,37
743,002287.SZE,35
744,002288.SZE,60
745,002289.SZE,60
746,002290.SZE,33
747,002291.SZE,34
748,002292.SZE,63
749,002293.SZE,34
750,002294.SZE,35
751,002295.SZE,12
752,002296.SZE,61
753,002297.SZE,21
754,002298.SZE,27
755,002299.SZE,37
756,002300.SZE,27
757,002301.SZE,25
758,002302.SZE,24
759,002303.SZE,25
760,002304.SZE,36
761,002305.SZE,42
762,002306.SZE,32
763,002307.SZE,23
764,002308.SZE,62
765,002309.SZE,27
766,002310.SZE,23
767,002311.SZE,37
768,002312.SZE,62
769,002313.SZE,61
770,002314.SZE,42
771,002315.SZE,63
772,002316.SZE,41
773,002317.SZE,35
774,002318.SZE,21
775,002319.SZE,22
776,002320.SZE,50
777,002321.SZE,37
778,002322.SZE,27
779,002323.SZE,24
780,002324.SZE,22
781,002325.SZE,23
782,002326.SZE,22
783,002327.SZE,34
784,002328.SZE,30
785,002329.SZE,36
786,002330.SZE,36
787,002331.SZE,62
788,002332.SZE,35
789,002333.SZE,24
790,002334.SZE,27
791,002335.SZE,61
792,002336.SZE,31
793,002337.SZE,26
794,002338.SZE,28
795,002339.SZE,27
796,002340.SZE,20
797,002341.SZE,60
798,002342.SZE,26
799,002343.SZE,63
800,002344.SZE,31
801,002345.SZE,31
802,002346.SZE,27
803,002347.SZE,26
804,002348.SZE,25
805,002349.SZE,35
806,002350.SZE,27
807,002351.SZE,60
808,002352.SZE,50
809,002353.SZE,26
810,002354.SZE,63
811,002355.SZE,30
812,002356.SZE,31
813,002357.SZE,50
814,002358.SZE,27
815,002359.SZE,61
816,002360.SZE,22
817,002361.SZE,22
818,002362.SZE,62
819,002363.SZE,30
820,002364.SZE,27
821,002365.SZE,35
822,002366.SZE,26
823,002367.SZE,26
824,002368.SZE,62
825,002369.SZE,60
826,002370.SZE,35
827,002371.SZE,60
828,002372.SZE,24
829,002373.SZE,62
830,002374.SZE,25
831,002375.SZE,23
832,002376.SZE,62
833,002377.SZE,42
834,002378.SZE,12
835,002379.SZE,12
836,002380.SZE,62
837,002381.SZE,22
838,002382.SZE,35
839,002383.SZE,62
840,002384.SZE,60
841,002385.SZE,37
842,002386.SZE,22
843,002387.SZE,62
844,002388.SZE,60
845,002389.SZE,60
846,002390.SZE,35
847,002391.SZE,22
848,002392.SZE,24
849,002393.SZE,35
850,002394.SZE,34
851,002395.SZE,22
852,002396.SZE,61
853,002397.SZE,34
854,002398.SZE,23
855,002399.SZE,35
856,002400.SZE,63
857,002401.SZE,62
858,002402.SZE,60
859,002403.SZE,33
860,002404.SZE,34
861,002405.SZE,62
862,002406.SZE,26
863,002407.SZE,22
864,002408.SZE,10
865,002409.SZE,22
866,002410.SZE,62
867,002411.SZE,22
868,002412.SZE,35
869,002413.SZE,28
870,002414.SZE,28
871,002415.SZE,60
872,002416.SZE,31
873,002417.SZE,61
874,002418.SZE,33
875,002419.SZE,31
876,002420.SZE,33
877,002421.SZE,62
878,002422.SZE,35
879,002423.SZE,21
880,002424.SZE,35
881,002425.SZE,63
882,002426.SZE,26
883,002427.SZE,22
884,002428.SZE,12
885,002429.SZE,33
886,002430.SZE,26
887,002431.SZE,23
888,002432.SZE,35
889,002433.SZE,35
890,002434.SZE,30
891,002435.SZE,35
892,002436.SZE,60
893,002437.SZE,35
894,002438.SZE,26
895,002439.SZE,62
896,002440.SZE,22
897,002441.SZE,27
898,002442.SZE,22
899,002443.SZE,21
900,002444.SZE,26
901,002445.SZE,63
902,002446.SZE,61
903,002447.SZE,63
904,002448.SZE,30
905,002449.SZE,60
906,002450.SZE,22
907,002451.SZE,27
908,002452.SZE,27
909,002453.SZE,22
910,002454.SZE,30
911,002455.SZE,22
912,002456.SZE,60
913,002457.SZE,24
914,002458.SZE,37
915,002459.SZE,26
916,002460.SZE,12
917,002461.SZE,36
918,002462.SZE,35
919,002463.SZE,60
920,002464.SZE,63
921,002465.SZE,28
922,002466.SZE,12
923,002467.SZE,61
924,002468.SZE,50
925,002469.SZE,23
926,002470.SZE,22
927,002471.SZE,27
928,002472.SZE,26
929,002473.SZE,33
930,002474.SZE,62
931,002475.SZE,60
932,002476.SZE,10
933,002478.SZE,21
934,002479.SZE,20
935,002480.SZE,26
936,002481.SZE,36
937,002482.SZE,23
938,002483.SZE,26
939,002484.SZE,60
940,002485.SZE,34
941,002486.SZE,34
942,002487.SZE,27
943,002488.SZE,30
944,002489.SZE,25
945,002490.SZE,26
946,002491.SZE,61
947,002492.SZE,50
948,002493.SZE,10
949,002494.SZE,34
950,002495.SZE,36
951,002496.SZE,22
952,002497.SZE,22
953,002498.SZE,27
954,002499.SZE,20
955,002500.SZE,41
956,002501.SZE,12
957,002502.SZE,63
958,002503.SZE,34
959,002504.SZE,23
960,002505.SZE,37
961,002506.SZE,27
962,002507.SZE,36
963,002508.SZE,33
964,002509.SZE,26
965,002510.SZE,30
966,002511.SZE,25
967,002512.SZE,62
968,002513.SZE,22
969,002514.SZE,26
970,002515.SZE,36
971,002516.SZE,30
972,002517.SZE,63
973,002518.SZE,62
974,002519.SZE,33
975,002520.SZE,26
976,002521.SZE,25
977,002522.SZE,22
978,002523.SZE,26
979,002524.SZE,10
980,002526.SZE,26
981,002527.SZE,60
982,002528.SZE,60
983,002529.SZE,26
984,002530.SZE,63
985,002531.SZE,27
986,002532.SZE,26
987,002533.SZE,27
988,002534.SZE,26
989,002535.SZE,26
990,002536.SZE,30
991,002537.SZE,70
992,002538.SZE,22
993,002539.SZE,22
994,002540.SZE,12
995,002541.SZE,23
996,002542.SZE,23
997,002543.SZE,33
998,002544.SZE,61
999,002545.SZE,23
1000,002546.SZE,62
1001,002547.SZE,61
1002,002548.SZE,37
1003,002549.SZE,22
1004,002550.SZE,35
1005,002551.SZE,35
1006,002552.SZE,26
1007,002553.SZE,30
1008,002554.SZE,26
1009,002555.SZE,63
1010,002556.SZE,22
1011,002557.SZE,36
1012,002558.SZE,63
1013,002559.SZE,26
1014,002560.SZE,27
1015,002561.SZE,31
1016,002562.SZE,22
1017,002563.SZE,34
1018,002564.SZE,26
1019,002565.SZE,25
1020,002566.SZE,35
1021,002567.SZE,37
1022,002568.SZE,36
1023,002569.SZE,34
1024,002570.SZE,36
1025,002571.SZE,25
1026,002572.SZE,25
1027,002573.SZE,20
1028,002574.SZE,31
1029,002575.SZE,25
1030,002576.SZE,27
1031,002577.SZE,62
1032,002578.SZE,12
1033,002579.SZE,60
1034,002580.SZE,27
1035,002581.SZE,35
1036,002582.SZE,36
1037,002583.SZE,61
1038,002584.SZE,22
1039,002585.SZE,22
1040,002586.SZE,23
1041,002587.SZE,60
1042,002588.SZE,22
1043,002589.SZE,35
1044,002590.SZE,30
1045,002591.SZE,22
1046,002592.SZE,30
1047,002593.SZE,26
1048,002594.SZE,30
1049,002595.SZE,26
1050,002596.SZE,24
1051,002597.SZE,22
1052,002598.SZE,26
1053,002599.SZE,63
1054,002600.SZE,60
1055,002601.SZE,22
1056,002602.SZE,63
1057,002603.SZE,35
1058,002604.SZE,37
1059,002605.SZE,25
1060,002606.SZE,27
1061,002607.SZE,70
1062,002608.SZE,41
1063,002609.SZE,62
1064,002610.SZE,27
1065,002611.SZE,26
1066,002612.SZE,34
1067,002613.SZE,24
1068,002614.SZE,33
1069,002615.SZE,33
1070,002616.SZE,33
1071,002617.SZE,27
1072,002618.SZE,60
1073,002619.SZE,63
1074,002620.SZE,23
1075,002621.SZE,26
1076,002622.SZE,27
1077,002623.SZE,24
1078,002624.SZE,63
1079,002625.SZE,28
1080,002626.SZE,36
1081,002627.SZE,50
1082,002628.SZE,23
1083,002629.SZE,26
1084,002630.SZE,27
1085,002631.SZE,37
1086,002632.SZE,22
1087,002633.SZE,26
1088,002634.SZE,34
1089,002635.SZE,62
1090,002636.SZE,60
1091,002637.SZE,22
1092,002638.SZE,70
1093,002639.SZE,26
1094,002640.SZE,31
1095,002641.SZE,24
1096,002642.SZE,62
1097,002643.SZE,22
1098,002644.SZE,35
1099,002645.SZE,26
1100,002646.SZE,36
1101,002647.SZE,41
1102,002648.SZE,10
1103,002649.SZE,62
1104,002650.SZE,36
1105,002651.SZE,26
1106,002652.SZE,24
1107,002653.SZE,35
1108,002654.SZE,60
1109,002655.SZE,60
1110,002656.SZE,34
1111,002657.SZE,62
1112,002658.SZE,20
1113,002659.SZE,70
1114,002660.SZE,60
1115,002661.SZE,36
1116,002662.SZE,30
1117,002663.SZE,23
1118,002664.SZE,26
1119,002665.SZE,27
1120,002666.SZE,22
1121,002667.SZE,26
1122,002668.SZE,33
1123,002669.SZE,22
1124,002670.SZE,41
1125,002671.SZE,24
1126,002672.SZE,20
1127,002673.SZE,41
1128,002674.SZE,34
1129,002675.SZE,35
1130,002676.SZE,33
1131,002677.SZE,33
1132,002678.SZE,25
1133,002679.SZE,37
1134,002681.SZE,60
1135,002682.SZE,70
1136,002683.SZE,22
1137,002684.SZE,30
1138,002685.SZE,26
1139,002686.SZE,26
1140,002687.SZE,34
1141,002688.SZE,35
1142,002689.SZE,26
1143,002690.SZE,26
1144,002691.SZE,26
1145,002692.SZE,27
1146,002693.SZE,35
1147,002694.SZE,22
1148,002695.SZE,36
1149,002696.SZE,36
1150,002697.SZE,31
1151,002698.SZE,26
1152,002699.SZE,63
1153,002700.SZE,20
1154,002701.SZE,25
1155,002702.SZE,36
1156,002703.SZE,30
1157,002705.SZE,33
1158,002706.SZE,27
1159,002707.SZE,32
1160,002708.SZE,30
1161,002709.SZE,22
1162,002711.SZE,50
1163,002712.SZE,63
1164,002713.SZE,23
1165,002714.SZE,37
1166,002715.SZE,30
1167,002716.SZE,12
1168,002717.SZE,23
1169,002718.SZE,24
1170,002719.SZE,36
1171,002721.SZE,31
1172,002722.SZE,26
1173,002723.SZE,33
1174,002724.SZE,60
1175,002725.SZE,30
1176,002726.SZE,36
1177,002727.SZE,35
1178,002728.SZE,35
1179,002729.SZE,27
1180,002730.SZE,27
1181,002731.SZE,31
1182,002732.SZE,36
1183,002733.SZE,60
1184,002734.SZE,22
1185,002735.SZE,25
1186,002736.SZE,41
1187,002737.SZE,35
1188,002738.SZE,12
1189,002739.SZE,63
1190,002740.SZE,34
1191,002741.SZE,22
1192,002742.SZE,24
1193,002743.SZE,26
1194,002745.SZE,60
1195,002746.SZE,37
1196,002747.SZE,26
1197,002748.SZE,22
1198,002749.SZE,22
1199,002750.SZE,35
1200,002751.SZE,25
1201,002752.SZE,25
1202,002753.SZE,11
1203,002755.SZE,35
1204,002756.SZE,21
1205,002757.SZE,26
1206,002758.SZE,35
1207,002759.SZE,33
1208,002760.SZE,26
1209,002761.SZE,34
1210,002762.SZE,34
1211,002763.SZE,34
1212,002765.SZE,30
1213,002766.SZE,62
1214,002767.SZE,26
1215,002768.SZE,22
1216,002769.SZE,50
1217,002770.SZE,36
1218,002771.SZE,62
1219,002772.SZE,37
1220,002773.SZE,35
1221,002774.SZE,26
1222,002775.SZE,23
1223,002776.SZE,34
1224,002777.SZE,62
1225,002778.SZE,10
1226,002779.SZE,26
1227,002780.SZE,34
1228,002781.SZE,23
1229,002782.SZE,60
1230,002783.SZE,22
1231,002785.SZE,24
1232,002786.SZE,26
1233,002787.SZE,26
1234,002788.SZE,35
1235,002789.SZE,23
1236,002790.SZE,33
1237,002791.SZE,24
1238,002792.SZE,61
1239,002793.SZE,26
1240,002795.SZE,26
1241,002796.SZE,26
1242,002797.SZE,41
1243,002798.SZE,24
1244,002799.SZE,25
1245,002800.SZE,50
1246,002801.SZE,26
1247,002802.SZE,22
1248,002803.SZE,25
1249,002805.SZE,22
1250,002806.SZE,12
1251,002807.SZE,40
1252,002808.SZE,60
1253,002809.SZE,22
1254,002810.SZE,22
1255,002811.SZE,23
1256,002812.SZE,25
1257,002813.SZE,61
1258,002815.SZE,60
1259,002816.SZE,26
1260,002817.SZE,35
1261,002818.SZE,31
1262,002819.SZE,26
1263,002820.SZE,36
1264,002821.SZE,35
1265,002822.SZE,23
1266,002823.SZE,26
1267,002824.SZE,12
1268,002825.SZE,25
1269,002826.SZE,35
1270,002827.SZE,22
1271,002828.SZE,10
1272,002829.SZE,28
1273,002830.SZE,23
1274,002831.SZE,25
1275,002832.SZE,34
1276,002833.SZE,26
1277,002835.SZE,62
1278,002836.SZE,25
1279,002837.SZE,26
1280,002838.SZE,22
1281,002839.SZE,40
1282,002840.SZE,36
1283,002841.SZE,60
1284,002842.SZE,12
1285,002843.SZE,26
1286,002845.SZE,60
1287,002846.SZE,25
1288,002847.SZE,36
1289,002848.SZE,61
1290,002849.SZE,26
1291,002850.SZE,60
1292,002851.SZE,27
1293,002852.SZE,37
1294,002853.SZE,25
1295,002855.SZE,60
1296,002856.SZE,23
1297,002857.SZE,26
1298,002858.SZE,63
1299,002859.SZE,60
1300,002860.SZE,33
1301,002861.SZE,60
1302,002862.SZE,25
1303,002863.SZE,30
1304,002864.SZE,35
1305,002865.SZE,30
1306,002866.SZE,62
1307,002867.SZE,34
1308,002868.SZE,37
1309,002869.SZE,62
1310,002870.SZE,26
1311,002871.SZE,26
1312,002872.SZE,35
1313,002873.SZE,35
1314,002875.SZE,34
1315,002876.SZE,60
1316,002877.SZE,26
1317,002878.SZE,63
1318,002879.SZE,27
1319,002880.SZE,35
1320,002881.SZE,60
1321,002882.SZE,27
1322,002883.SZE,23
1323,002884.SZE,26
1324,002885.SZE,27
1325,002886.SZE,22
1326,002887.SZE,23
1327,002888.SZE,60
1328,002889.SZE,50
1329,002890.SZE,26
1330,002891.SZE,36
1331,002892.SZE,27
1332,002893.SZE,20
1333,002895.SZE,22
1334,002896.SZE,26
1335,002897.SZE,61
1336,002898.SZE,35
1337,002899.SZE,25
1338,002900.SZE,35
1339,002901.SZE,35
1340,002902.SZE,60
1341,002903.SZE,26
1342,002905.SZE,63
1343,002906.SZE,30
1344,002907.SZE,35
1345,002908.SZE,61
1346,002909.SZE,22
1347,002910.SZE,36
1348,002911.SZE,20
1349,002912.SZE,62
1350,002913.SZE,60
1351,002915.SZE,22
1352,002916.SZE,60
1353,002917.SZE,22
1354,002918.SZE,24
1355,002919.SZE,22
1356,002920.SZE,30
1357,002921.SZE,30
1358,002922.SZE,60
1359,002923.SZE,35
1360,002925.SZE,60
1361,002926.SZE,41
1362,002927.SZE,27
1363,002928.SZE,50
1364,002929.SZE,61
1365,002930.SZE,50
1366,002931.SZE,26
1367,002932.SZE,35
1368,002933.SZE,28
1369,002935.SZE,28
1370,002936.SZE,40
1371,002937.SZE,60
1372,002938.SZE,60
1373,002939.SZE,41
1374,002940.SZE,35
1375,002941.SZE,23
1376,002942.SZE,22
1377,002943.SZE,26
1378,002945.SZE,41
1379,002946.SZE,36
1380,002947.SZE,60
1381,002948.SZE,40
1382,002949.SZE,23
1383,002950.SZE,35
1384,002951.SZE,25
1385,002952.SZE,60
1386,002953.SZE,27
1387,002955.SZE,60
1388,002956.SZE,36
1389,002957.SZE,26
1390,002958.SZE,40
1391,002959.SZE,33
1392,002960.SZE,26
1393,002961.SZE,41
1394,002962.SZE,60
1395,002963.SZE,--
1396,002965.SZE,--
1397,002966.SZE,40
1398,002967.SZE,--
1399,002968.SZE,--
1400,002969.SZE,--
1401,002970.SZE,--
1402,002972.SZE,--
1403,003816.SZE,20
1404,200011.SZE,42
1405,200012.SZE,24
1406,200016.SZE,33
1407,200017.SZE,26
1408,200018.SZE,23
1409,200019.SZE,36
1410,200020.SZE,60
1411,200025.SZE,70
1412,200026.SZE,31
1413,200028.SZE,35
1414,200029.SZE,42
1415,200030.SZE,30
1416,200037.SZE,20
1417,200045.SZE,60
1418,200054.SZE,--
1419,200055.SZE,24
1420,200056.SZE,42
1421,200058.SZE,42
1422,200152.SZE,--
1423,200160.SZE,--
1424,200168.SZE,--
1425,200413.SZE,60
1426,200429.SZE,50
1427,200468.SZE,--
1428,200488.SZE,25
1429,200505.SZE,36
1430,200512.SZE,--
1431,200521.SZE,33
1432,200530.SZE,26
1433,200539.SZE,20
1434,200541.SZE,33
1435,200550.SZE,30
1436,200553.SZE,22
1437,200570.SZE,26
1438,200581.SZE,30
1439,200596.SZE,36
1440,200613.SZE,32
1441,200625.SZE,30
1442,200706.SZE,--
1443,200725.SZE,60
1444,200726.SZE,34
1445,200761.SZE,21
1446,200771.SZE,--
1447,200869.SZE,36
1448,200986.SZE,--
1449,200992.SZE,--
1450,201872.SZE,50
1451,300001.SZE,27
1452,300002.SZE,62
1453,300003.SZE,35
1454,300004.SZE,26
1455,300005.SZE,34
1456,300006.SZE,35
1457,300007.SZE,60
1458,300008.SZE,26
1459,300009.SZE,35
1460,300010.SZE,62
1461,300011.SZE,26
1462,300012.SZE,20
1463,300013.SZE,50
1464,300014.SZE,60
1465,300015.SZE,35
1466,300016.SZE,35
1467,300017.SZE,62
1468,300018.SZE,27
1469,300019.SZE,22
1470,300020.SZE,62
1471,300021.SZE,24
1472,300022.SZE,26
1473,300023.SZE,41
1474,300024.SZE,26
1475,300025.SZE,61
1476,300026.SZE,35
1477,300027.SZE,63
1478,300028.SZE,60
1479,300029.SZE,26
1480,300030.SZE,35
1481,300031.SZE,63
1482,300032.SZE,60
1483,300033.SZE,62
1484,300034.SZE,28
1485,300035.SZE,26
1486,300036.SZE,62
1487,300037.SZE,22
1488,300038.SZE,63
1489,300039.SZE,35
1490,300040.SZE,27
1491,300041.SZE,22
1492,300042.SZE,62
1493,300043.SZE,63
1494,300044.SZE,23
1495,300045.SZE,28
1496,300046.SZE,60
1497,300047.SZE,62
1498,300048.SZE,27
1499,300049.SZE,35
1500,300050.SZE,61
1501,300051.SZE,63
1502,300052.SZE,63
1503,300053.SZE,60
1504,300054.SZE,60
1505,300055.SZE,20
1506,300056.SZE,20
1507,300057.SZE,25
1508,300058.SZE,63
1509,300059.SZE,41
1510,300061.SZE,63
1511,300062.SZE,27
1512,300063.SZE,63
1513,300064.SZE,24
1514,300065.SZE,28
1515,300066.SZE,26
1516,300067.SZE,22
1517,300068.SZE,27
1518,300069.SZE,27
1519,300070.SZE,20
1520,300071.SZE,63
1521,300072.SZE,22
1522,300073.SZE,22
1523,300074.SZE,62
1524,300075.SZE,62
1525,300076.SZE,62
1526,300077.SZE,60
1527,300078.SZE,62
1528,300079.SZE,63
1529,300080.SZE,27
1530,300081.SZE,61
1531,300082.SZE,22
1532,300083.SZE,60
1533,300084.SZE,26
1534,300085.SZE,62
1535,300086.SZE,35
1536,300087.SZE,37
1537,300088.SZE,60
1538,300089.SZE,70
1539,300090.SZE,20
1540,300091.SZE,27
1541,300092.SZE,26
1542,300093.SZE,24
1543,300094.SZE,37
1544,300095.SZE,26
1545,300096.SZE,62
1546,300097.SZE,26
1547,300098.SZE,62
1548,300099.SZE,26
1549,300100.SZE,30
1550,300101.SZE,28
1551,300102.SZE,60
1552,300103.SZE,26
1553,300104.SZE,63
1554,300105.SZE,26
1555,300106.SZE,37
1556,300107.SZE,22
1557,300108.SZE,35
1558,300109.SZE,35
1559,300110.SZE,35
1560,300111.SZE,27
1561,300112.SZE,26
1562,300113.SZE,63
1563,300114.SZE,28
1564,300115.SZE,60
1565,300116.SZE,26
1566,300117.SZE,23
1567,300118.SZE,27
1568,300119.SZE,37
1569,300120.SZE,27
1570,300121.SZE,22
1571,300122.SZE,35
1572,300123.SZE,28
1573,300124.SZE,26
1574,300125.SZE,27
1575,300126.SZE,26
1576,300127.SZE,60
1577,300128.SZE,60
1578,300129.SZE,27
1579,300130.SZE,62
1580,300131.SZE,60
1581,300132.SZE,22
1582,300133.SZE,63
1583,300134.SZE,61
1584,300135.SZE,10
1585,300136.SZE,61
1586,300137.SZE,20
1587,300138.SZE,36
1588,300139.SZE,60
1589,300140.SZE,27
1590,300141.SZE,27
1591,300142.SZE,35
1592,300143.SZE,35
1593,300144.SZE,32
1594,300145.SZE,26
1595,300146.SZE,36
1596,300147.SZE,35
1597,300148.SZE,63
1598,300149.SZE,35
1599,300150.SZE,62
1600,300151.SZE,26
1601,300152.SZE,20
1602,300153.SZE,27
1603,300154.SZE,26
1604,300155.SZE,60
1605,300156.SZE,20
1606,300157.SZE,62
1607,300158.SZE,35
1608,300159.SZE,26
1609,300160.SZE,24
1610,300161.SZE,26
1611,300162.SZE,60
1612,300163.SZE,24
1613,300164.SZE,26
1614,300165.SZE,26
1615,300166.SZE,62
1616,300167.SZE,62
1617,300168.SZE,62
1618,300169.SZE,22
1619,300170.SZE,62
1620,300171.SZE,35
1621,300172.SZE,20
1622,300173.SZE,26
1623,300174.SZE,22
1624,300175.SZE,37
1625,300176.SZE,26
1626,300177.SZE,62
1627,300178.SZE,32
1628,300179.SZE,24
1629,300180.SZE,22
1630,300181.SZE,35
1631,300182.SZE,62
1632,300183.SZE,61
1633,300184.SZE,60
1634,300185.SZE,27
1635,300187.SZE,20
1636,300188.SZE,62
1637,300189.SZE,37
1638,300190.SZE,20
1639,300191.SZE,26
1640,300192.SZE,22
1641,300193.SZE,26
1642,300194.SZE,35
1643,300195.SZE,26
1644,300196.SZE,24
1645,300197.SZE,23
1646,300198.SZE,24
1647,300199.SZE,35
1648,300200.SZE,22
1649,300201.SZE,30
1650,300202.SZE,62
1651,300203.SZE,20
1652,300204.SZE,35
1653,300205.SZE,61
1654,300206.SZE,35
1655,300207.SZE,60
1656,300208.SZE,27
1657,300209.SZE,62
1658,300210.SZE,26
1659,300211.SZE,61
1660,300212.SZE,62
1661,300213.SZE,61
1662,300214.SZE,22
1663,300215.SZE,27
1664,300216.SZE,26
1665,300217.SZE,33
1666,300218.SZE,22
1667,300219.SZE,60
1668,300220.SZE,60
1669,300221.SZE,22
1670,300222.SZE,27
1671,300223.SZE,60
1672,300224.SZE,60
1673,300225.SZE,22
1674,300226.SZE,63
1675,300227.SZE,60
1676,300228.SZE,26
1677,300229.SZE,62
1678,300230.SZE,22
1679,300231.SZE,62
1680,300232.SZE,60
1681,300233.SZE,35
1682,300234.SZE,24
1683,300235.SZE,62
1684,300236.SZE,22
1685,300237.SZE,23
1686,300238.SZE,35
1687,300239.SZE,35
1688,300240.SZE,50
1689,300241.SZE,60
1690,300242.SZE,63
1691,300243.SZE,22
1692,300244.SZE,35
1693,300245.SZE,62
1694,300246.SZE,35
1695,300247.SZE,33
1696,300248.SZE,62
1697,300249.SZE,33
1698,300250.SZE,61
1699,300251.SZE,63
1700,300252.SZE,28
1701,300253.SZE,62
1702,300254.SZE,35
1703,300255.SZE,35
1704,300256.SZE,60
1705,300257.SZE,26
1706,300258.SZE,30
1707,300259.SZE,26
1708,300260.SZE,26
1709,300261.SZE,22
1710,300262.SZE,20
1711,300263.SZE,26
1712,300264.SZE,61
1713,300265.SZE,27
1714,300266.SZE,20
1715,300267.SZE,35
1716,300268.SZE,37
1717,300269.SZE,63
1718,300270.SZE,62
1719,300271.SZE,62
1720,300272.SZE,33
1721,300273.SZE,35
1722,300274.SZE,27
1723,300275.SZE,62
1724,300276.SZE,26
1725,300277.SZE,62
1726,300278.SZE,26
1727,300279.SZE,33
1728,300280.SZE,26
1729,300281.SZE,26
1730,300282.SZE,60
1731,300283.SZE,27
1732,300284.SZE,23
1733,300285.SZE,22
1734,300286.SZE,27
1735,300287.SZE,62
1736,300288.SZE,62
1737,300289.SZE,35
1738,300290.SZE,62
1739,300291.SZE,63
1740,300292.SZE,61
1741,300293.SZE,26
1742,300294.SZE,35
1743,300295.SZE,63
1744,300296.SZE,60
1745,300297.SZE,62
1746,300298.SZE,35
1747,300299.SZE,63
1748,300300.SZE,62
1749,300301.SZE,60
1750,300302.SZE,62
1751,300303.SZE,60
1752,300304.SZE,30
1753,300305.SZE,22
1754,300306.SZE,26
1755,300307.SZE,26
1756,300308.SZE,61
1757,300309.SZE,41
1758,300310.SZE,61
1759,300311.SZE,62
1760,300312.SZE,61
1761,300313.SZE,37
1762,300314.SZE,35
1763,300315.SZE,63
1764,300316.SZE,26
1765,300317.SZE,33
1766,300318.SZE,35
1767,300319.SZE,60
1768,300320.SZE,22
1769,300321.SZE,22
1770,300322.SZE,61
1771,300323.SZE,60
1772,300324.SZE,62
1773,300325.SZE,22
1774,300326.SZE,35
1775,300327.SZE,60
1776,300328.SZE,12
1777,300329.SZE,25
1778,300330.SZE,62
1779,300331.SZE,60
1780,300332.SZE,20
1781,300333.SZE,62
1782,300334.SZE,20
1783,300335.SZE,20
1784,300336.SZE,63
1785,300337.SZE,12
1786,300338.SZE,70
1787,300339.SZE,62
1788,300340.SZE,22
1789,300341.SZE,27
1790,300342.SZE,33
1791,300343.SZE,63
1792,300344.SZE,24
1793,300345.SZE,24
1794,300346.SZE,60
1795,300347.SZE,35
1796,300348.SZE,62
1797,300349.SZE,26
1798,300350.SZE,50
1799,300351.SZE,26
1800,300352.SZE,62
1801,300353.SZE,61
1802,300354.SZE,26
1803,300355.SZE,23
1804,300356.SZE,60
1805,300357.SZE,35
1806,300358.SZE,35
1807,300359.SZE,63
1808,300360.SZE,60
1809,300362.SZE,20
1810,300363.SZE,35
1811,300364.SZE,63
1812,300365.SZE,62
1813,300366.SZE,62
1814,300367.SZE,62
1815,300368.SZE,62
1816,300369.SZE,62
1817,300370.SZE,26
1818,300371.SZE,26
1819,300373.SZE,60
1820,300374.SZE,24
1821,300375.SZE,30
1822,300376.SZE,27
1823,300377.SZE,62
1824,300378.SZE,62
1825,300379.SZE,62
1826,300380.SZE,62
1827,300381.SZE,37
1828,300382.SZE,26
1829,300383.SZE,61
1830,300384.SZE,10
1831,300385.SZE,20
1832,300386.SZE,62
1833,300387.SZE,22
1834,300388.SZE,20
1835,300389.SZE,60
1836,300390.SZE,60
1837,300391.SZE,26
1838,300392.SZE,63
1839,300393.SZE,27
1840,300394.SZE,61
1841,300395.SZE,60
1842,300396.SZE,35
1843,300397.SZE,28
1844,300398.SZE,22
1845,300399.SZE,62
1846,300400.SZE,26
1847,300401.SZE,35
1848,300402.SZE,26
1849,300403.SZE,33
1850,300404.SZE,35
1851,300405.SZE,22
1852,300406.SZE,35
1853,300407.SZE,27
1854,300408.SZE,60
1855,300409.SZE,24
1856,300410.SZE,26
1857,300411.SZE,26
1858,300412.SZE,35
1859,300413.SZE,63
1860,300414.SZE,61
1861,300415.SZE,26
1862,300416.SZE,26
1863,300417.SZE,26
1864,300418.SZE,63
1865,300419.SZE,62
1866,300420.SZE,26
1867,300421.SZE,26
1868,300422.SZE,20
1869,300423.SZE,27
1870,300424.SZE,28
1871,300425.SZE,20
1872,300426.SZE,63
1873,300427.SZE,27
1874,300428.SZE,12
1875,300429.SZE,22
1876,300430.SZE,26
1877,300431.SZE,63
1878,300432.SZE,30
1879,300433.SZE,60
1880,300434.SZE,35
1881,300435.SZE,26
1882,300436.SZE,35
1883,300437.SZE,22
1884,300438.SZE,60
1885,300439.SZE,35
1886,300440.SZE,62
1887,300441.SZE,26
1888,300442.SZE,26
1889,300443.SZE,27
1890,300444.SZE,27
1891,300445.SZE,26
1892,300446.SZE,60
1893,300447.SZE,28
1894,300448.SZE,62
1895,300449.SZE,62
1896,300450.SZE,26
1897,300451.SZE,62
1898,300452.SZE,35
1899,300453.SZE,35
1900,300454.SZE,62
1901,300455.SZE,62
1902,300456.SZE,28
1903,300457.SZE,26
1904,300458.SZE,62
1905,300459.SZE,63
1906,300460.SZE,60
1907,300461.SZE,26
1908,300462.SZE,60
1909,300463.SZE,35
1910,300464.SZE,26
1911,300465.SZE,62
1912,300466.SZE,26
1913,300467.SZE,63
1914,300468.SZE,62
1915,300469.SZE,62
1916,300470.SZE,26
1917,300471.SZE,26
1918,300472.SZE,26
1919,300473.SZE,30
1920,300474.SZE,28
1921,300475.SZE,33
1922,300476.SZE,60
1923,300477.SZE,27
1924,300478.SZE,22
1925,300479.SZE,62
1926,300480.SZE,26
1927,300481.SZE,22
1928,300482.SZE,35
1929,300483.SZE,23
1930,300484.SZE,27
1931,300485.SZE,35
1932,300486.SZE,26
1933,300487.SZE,22
1934,300488.SZE,26
1935,300489.SZE,26
1936,300490.SZE,27
1937,300491.SZE,60
1938,300492.SZE,23
1939,300493.SZE,60
1940,300494.SZE,63
1941,300495.SZE,23
1942,300496.SZE,62
1943,300497.SZE,35
1944,300498.SZE,37
1945,300499.SZE,26
1946,300500.SZE,23
1947,300501.SZE,25
1948,300502.SZE,61
1949,300503.SZE,26
1950,300504.SZE,61
1951,300505.SZE,22
1952,300506.SZE,23
1953,300507.SZE,30
1954,300508.SZE,26
1955,300509.SZE,26
1956,300510.SZE,27
1957,300511.SZE,37
1958,300512.SZE,26
1959,300513.SZE,62
1960,300514.SZE,26
1961,300515.SZE,60
1962,300516.SZE,60
1963,300517.SZE,23
1964,300518.SZE,63
1965,300519.SZE,35
1966,300520.SZE,62
1967,300521.SZE,26
1968,300522.SZE,22
1969,300523.SZE,62
1970,300525.SZE,62
1971,300526.SZE,34
1972,300527.SZE,28
1973,300528.SZE,63
1974,300529.SZE,35
1975,300530.SZE,22
1976,300531.SZE,62
1977,300532.SZE,62
1978,300533.SZE,63
1979,300534.SZE,35
1980,300535.SZE,22
1981,300536.SZE,23
1982,300537.SZE,22
1983,300538.SZE,22
1984,300539.SZE,25
1985,300540.SZE,26
1986,300541.SZE,62
1987,300542.SZE,62
1988,300543.SZE,60
1989,300545.SZE,60
1990,300546.SZE,62
1991,300547.SZE,22
1992,300548.SZE,61
1993,300549.SZE,26
1994,300550.SZE,62
1995,300551.SZE,26
1996,300552.SZE,62
1997,300553.SZE,26
1998,300554.SZE,26
1999,300555.SZE,61
2000,300556.SZE,62
2001,300557.SZE,26
2002,300558.SZE,35
2003,300559.SZE,62
2004,300560.SZE,61
2005,300561.SZE,62
2006,300562.SZE,35
2007,300563.SZE,61
2008,300564.SZE,--
2009,300565.SZE,61
2010,300566.SZE,60
2011,300567.SZE,26
2012,300568.SZE,22
2013,300569.SZE,27
2014,300570.SZE,61
2015,300571.SZE,61
2016,300572.SZE,26
2017,300573.SZE,35
2018,300575.SZE,22
2019,300576.SZE,22
2020,300577.SZE,34
2021,300578.SZE,61
2022,300579.SZE,62
2023,300580.SZE,30
2024,300581.SZE,28
2025,300582.SZE,33
2026,300583.SZE,35
2027,300584.SZE,35
2028,300585.SZE,30
2029,300586.SZE,22
2030,300587.SZE,22
2031,300588.SZE,62
2032,300589.SZE,26
2033,300590.SZE,61
2034,300591.SZE,34
2035,300592.SZE,23
2036,300593.SZE,61
2037,300594.SZE,26
2038,300595.SZE,35
2039,300596.SZE,22
2040,300597.SZE,61
2041,300598.SZE,62
2042,300599.SZE,22
2043,300600.SZE,26
2044,300601.SZE,35
2045,300602.SZE,60
2046,300603.SZE,61
2047,300604.SZE,60
2048,300605.SZE,62
2049,300606.SZE,26
2050,300607.SZE,26
2051,300608.SZE,62
2052,300609.SZE,62
2053,300610.SZE,22
2054,300611.SZE,30
2055,300612.SZE,63
2056,300613.SZE,60
2057,300615.SZE,61
2058,300616.SZE,25
2059,300617.SZE,27
2060,300618.SZE,12
2061,300619.SZE,26
2062,300620.SZE,61
2063,300621.SZE,23
2064,300622.SZE,35
2065,300623.SZE,60
2066,300624.SZE,62
2067,300625.SZE,33
2068,300626.SZE,27
2069,300627.SZE,61
2070,300628.SZE,61
2071,300629.SZE,26
2072,300630.SZE,35
2073,300631.SZE,20
2074,300632.SZE,33
2075,300633.SZE,35
2076,300634.SZE,62
2077,300635.SZE,70
2078,300636.SZE,35
2079,300637.SZE,22
2080,300638.SZE,61
2081,300639.SZE,35
2082,300640.SZE,25
2083,300641.SZE,22
2084,300642.SZE,35
2085,300643.SZE,30
2086,300644.SZE,30
2087,300645.SZE,62
2088,300647.SZE,60
2089,300648.SZE,26
2090,300649.SZE,23
2091,300650.SZE,33
2092,300651.SZE,25
2093,300652.SZE,30
2094,300653.SZE,35
2095,300654.SZE,63
2096,300655.SZE,22
2097,300656.SZE,60
2098,300657.SZE,60
2099,300658.SZE,25
2100,300659.SZE,62
2101,300660.SZE,60
2102,300661.SZE,60
2103,300662.SZE,70
2104,300663.SZE,62
2105,300664.SZE,20
2106,300665.SZE,22
2107,300666.SZE,60
2108,300667.SZE,60
2109,300668.SZE,23
2110,300669.SZE,26
2111,300670.SZE,27
2112,300671.SZE,60
2113,300672.SZE,60
2114,300673.SZE,37
2115,300674.SZE,62
2116,300675.SZE,23
2117,300676.SZE,35
2118,300677.SZE,35
2119,300678.SZE,62
2120,300679.SZE,60
2121,300680.SZE,30
2122,300681.SZE,30
2123,300682.SZE,62
2124,300683.SZE,35
2125,300684.SZE,22
2126,300685.SZE,35
2127,300686.SZE,60
2128,300687.SZE,62
2129,300688.SZE,70
2130,300689.SZE,61
2131,300690.SZE,22
2132,300691.SZE,60
2133,300692.SZE,20
2134,300693.SZE,27
2135,300694.SZE,30
2136,300695.SZE,30
2137,300696.SZE,28
2138,300697.SZE,12
2139,300698.SZE,61
2140,300699.SZE,22
2141,300700.SZE,26
2142,300701.SZE,60
2143,300702.SZE,35
2144,300703.SZE,25
2145,300705.SZE,35
2146,300706.SZE,60
2147,300707.SZE,30
2148,300708.SZE,60
2149,300709.SZE,60
2150,300710.SZE,61
2151,300711.SZE,61
2152,300712.SZE,23
2153,300713.SZE,27
2154,300715.SZE,24
2155,300716.SZE,22
2156,300717.SZE,22
2157,300718.SZE,26
2158,300719.SZE,28
2159,300720.SZE,26
2160,300721.SZE,22
2161,300722.SZE,28
2162,300723.SZE,35
2163,300724.SZE,26
2164,300725.SZE,35
2165,300726.SZE,60
2166,300727.SZE,22
2167,300729.SZE,25
2168,300730.SZE,62
2169,300731.SZE,61
2170,300732.SZE,23
2171,300733.SZE,30
2172,300735.SZE,61
2173,300736.SZE,61
2174,300737.SZE,24
2175,300738.SZE,62
2176,300739.SZE,60
2177,300740.SZE,22
2178,300741.SZE,36
2179,300742.SZE,30
2180,300743.SZE,62
2181,300745.SZE,27
2182,300746.SZE,23
2183,300747.SZE,60
2184,300748.SZE,12
2185,300749.SZE,25
2186,300750.SZE,30
2187,300751.SZE,26
2188,300752.SZE,60
2189,300753.SZE,35
2190,300755.SZE,31
2191,300756.SZE,26
2192,300757.SZE,26
2193,300758.SZE,22
2194,300759.SZE,35
2195,300760.SZE,35
2196,300761.SZE,37
2197,300762.SZE,28
2198,300763.SZE,27
2199,300765.SZE,35
2200,300766.SZE,63
2201,300767.SZE,22
2202,300768.SZE,62
2203,300769.SZE,22
2204,300770.SZE,63
2205,300771.SZE,62
2206,300772.SZE,27
2207,300773.SZE,41
2208,300775.SZE,28
2209,300776.SZE,60
2210,300777.SZE,22
2211,300778.SZE,23
2212,300779.SZE,20
2213,300780.SZE,26
2214,300781.SZE,63
2215,300782.SZE,60
2216,300783.SZE,36
2217,300785.SZE,63
2218,300786.SZE,26
2219,300787.SZE,60
2220,300788.SZE,63
2221,300789.SZE,62
2222,300790.SZE,60
2223,300791.SZE,36
2224,300792.SZE,63
2225,300793.SZE,--
2226,300795.SZE,--
2227,300796.SZE,--
2228,300797.SZE,--
2229,300798.SZE,--
2230,300799.SZE,--
2231,300800.SZE,--
2232,300801.SZE,--
2233,300802.SZE,--
2234,300803.SZE,--
2235,300805.SZE,--
2236,300806.SZE,--
2237,300807.SZE,--
2238,300808.SZE,--
2239,300809.SZE,--
2240,300810.SZE,--
2241,300811.SZE,--
2242,600000.SSE,40
2243,600004.SSE,50
2244,600006.SSE,30
2245,600007.SSE,42
2246,600008.SSE,20
2247,600009.SSE,50
2248,600010.SSE,21
2249,600011.SSE,20
2250,600012.SSE,50
2251,600015.SSE,40
2252,600016.SSE,40
2253,600017.SSE,50
2254,600018.SSE,50
2255,600019.SSE,21
2256,600020.SSE,50
2257,600021.SSE,20
2258,600022.SSE,21
2259,600023.SSE,20
2260,600025.SSE,20
2261,600026.SSE,50
2262,600027.SSE,20
2263,600028.SSE,10
2264,600029.SSE,50
2265,600030.SSE,41
2266,600031.SSE,26
2267,600033.SSE,50
2268,600035.SSE,50
2269,600036.SSE,40
2270,600037.SSE,63
2271,600038.SSE,28
2272,600039.SSE,23
2273,600048.SSE,42
2274,600050.SSE,61
2275,600051.SSE,70
2276,600052.SSE,42
2277,600053.SSE,41
2278,600054.SSE,32
2279,600055.SSE,35
2280,600056.SSE,35
2281,600057.SSE,50
2282,600058.SSE,21
2283,600059.SSE,36
2284,600060.SSE,33
2285,600061.SSE,41
2286,600062.SSE,35
2287,600063.SSE,22
2288,600064.SSE,42
2289,600066.SSE,30
2290,600067.SSE,42
2291,600068.SSE,23
2292,600069.SSE,25
2293,600070.SSE,70
2294,600071.SSE,60
2295,600072.SSE,26
2296,600073.SSE,36
2297,600074.SSE,60
2298,600075.SSE,22
2299,600076.SSE,25
2300,600077.SSE,42
2301,600078.SSE,22
2302,600079.SSE,35
2303,600080.SSE,35
2304,600081.SSE,30
2305,600082.SSE,70
2306,600083.SSE,62
2307,600084.SSE,36
2308,600085.SSE,35
2309,600086.SSE,31
2310,600088.SSE,63
2311,600089.SSE,27
2312,600090.SSE,35
2313,600091.SSE,22
2314,600093.SSE,41
2315,600094.SSE,42
2316,600095.SSE,42
2317,600096.SSE,22
2318,600097.SSE,37
2319,600098.SSE,20
2320,600099.SSE,30
2321,600100.SSE,62
2322,600101.SSE,20
2323,600103.SSE,25
2324,600104.SSE,30
2325,600105.SSE,61
2326,600106.SSE,50
2327,600107.SSE,34
2328,600108.SSE,37
2329,600109.SSE,41
2330,600110.SSE,60
2331,600111.SSE,12
2332,600112.SSE,27
2333,600113.SSE,31
2334,600114.SSE,26
2335,600115.SSE,50
2336,600116.SSE,20
2337,600117.SSE,21
2338,600118.SSE,28
2339,600119.SSE,50
2340,600120.SSE,31
2341,600121.SSE,11
2342,600122.SSE,31
2343,600123.SSE,11
2344,600125.SSE,50
2345,600126.SSE,21
2346,600127.SSE,37
2347,600128.SSE,70
2348,600129.SSE,35
2349,600130.SSE,61
2350,600131.SSE,20
2351,600132.SSE,36
2352,600133.SSE,42
2353,600135.SSE,22
2354,600136.SSE,63
2355,600137.SSE,34
2356,600138.SSE,32
2357,600139.SSE,70
2358,600141.SSE,22
2359,600143.SSE,22
2360,600145.SSE,31
2361,600146.SSE,34
2362,600148.SSE,30
2363,600149.SSE,70
2364,600150.SSE,26
2365,600151.SSE,27
2366,600152.SSE,70
2367,600153.SSE,50
2368,600155.SSE,41
2369,600156.SSE,34
2370,600157.SSE,11
2371,600158.SSE,42
2372,600159.SSE,42
2373,600160.SSE,22
2374,600161.SSE,35
2375,600162.SSE,42
2376,600163.SSE,27
2377,600165.SSE,26
2378,600166.SSE,30
2379,600167.SSE,20
2380,600168.SSE,20
2381,600169.SSE,26
2382,600170.SSE,23
2383,600171.SSE,60
2384,600172.SSE,26
2385,600173.SSE,42
2386,600175.SSE,70
2387,600176.SSE,24
2388,600177.SSE,42
2389,600178.SSE,30
2390,600179.SSE,50
2391,600180.SSE,50
2392,600182.SSE,30
2393,600183.SSE,60
2394,600184.SSE,28
2395,600185.SSE,42
2396,600186.SSE,36
2397,600187.SSE,20
2398,600188.SSE,11
2399,600189.SSE,37
2400,600190.SSE,50
2401,600191.SSE,37
2402,600192.SSE,27
2403,600193.SSE,21
2404,600195.SSE,37
2405,600196.SSE,35
2406,600197.SSE,36
2407,600198.SSE,61
2408,600199.SSE,36
2409,600200.SSE,70
2410,600201.SSE,37
2411,600202.SSE,27
2412,600203.SSE,60
2413,600206.SSE,60
2414,600207.SSE,70
2415,600208.SSE,42
2416,600209.SSE,23
2417,600210.SSE,25
2418,600211.SSE,35
2419,600212.SSE,70
2420,600213.SSE,30
2421,600215.SSE,42
2422,600216.SSE,35
2423,600217.SSE,20
2424,600218.SSE,30
2425,600219.SSE,12
2426,600220.SSE,34
2427,600221.SSE,50
2428,600222.SSE,35
2429,600223.SSE,42
2430,600225.SSE,42
2431,600226.SSE,22
2432,600227.SSE,22
2433,600228.SSE,22
2434,600229.SSE,63
2435,600230.SSE,22
2436,600231.SSE,21
2437,600232.SSE,34
2438,600233.SSE,50
2439,600234.SSE,70
2440,600235.SSE,25
2441,600236.SSE,20
2442,600237.SSE,60
2443,600238.SSE,36
2444,600239.SSE,42
2445,600240.SSE,42
2446,600241.SSE,31
2447,600242.SSE,63
2448,600243.SSE,26
2449,600246.SSE,42
2450,600247.SSE,31
2451,600248.SSE,23
2452,600249.SSE,22
2453,600250.SSE,31
2454,600251.SSE,37
2455,600252.SSE,35
2456,600255.SSE,12
2457,600256.SSE,10
2458,600257.SSE,37
2459,600258.SSE,32
2460,600259.SSE,12
2461,600260.SSE,61
2462,600261.SSE,33
2463,600262.SSE,26
2464,600265.SSE,37
2465,600266.SSE,42
2466,600267.SSE,35
2467,600268.SSE,27
2468,600269.SSE,50
2469,600271.SSE,62
2470,600272.SSE,35
2471,600273.SSE,22
2472,600275.SSE,37
2473,600276.SSE,35
2474,600277.SSE,22
2475,600278.SSE,31
2476,600279.SSE,50
2477,600280.SSE,31
2478,600281.SSE,22
2479,600282.SSE,21
2480,600283.SSE,20
2481,600284.SSE,23
2482,600285.SSE,35
2483,600287.SSE,31
2484,600288.SSE,60
2485,600289.SSE,61
2486,600290.SSE,27
2487,600291.SSE,41
2488,600292.SSE,20
2489,600293.SSE,24
2490,600295.SSE,21
2491,600297.SSE,30
2492,600298.SSE,36
2493,600299.SSE,36
2494,600300.SSE,36
2495,600301.SSE,22
2496,600302.SSE,26
2497,600303.SSE,30
2498,600305.SSE,36
2499,600306.SSE,31
2500,600307.SSE,21
2501,600308.SSE,25
2502,600309.SSE,22
2503,600310.SSE,20
2504,600311.SSE,12
2505,600312.SSE,27
2506,600313.SSE,37
2507,600315.SSE,22
2508,600316.SSE,28
2509,600317.SSE,50
2510,600318.SSE,41
2511,600319.SSE,22
2512,600320.SSE,26
2513,600321.SSE,24
2514,600322.SSE,42
2515,600323.SSE,20
2516,600325.SSE,42
2517,600326.SSE,23
2518,600327.SSE,30
2519,600328.SSE,22
2520,600329.SSE,35
2521,600330.SSE,12
2522,600331.SSE,12
2523,600332.SSE,35
2524,600333.SSE,20
2525,600335.SSE,30
2526,600336.SSE,33
2527,600337.SSE,25
2528,600338.SSE,12
2529,600339.SSE,10
2530,600340.SSE,42
2531,600343.SSE,28
2532,600345.SSE,61
2533,600346.SSE,10
2534,600348.SSE,11
2535,600350.SSE,50
2536,600351.SSE,35
2537,600352.SSE,22
2538,600353.SSE,60
2539,600354.SSE,37
2540,600355.SSE,61
2541,600356.SSE,25
2542,600358.SSE,32
2543,600359.SSE,37
2544,600360.SSE,60
2545,600361.SSE,31
2546,600362.SSE,12
2547,600363.SSE,60
2548,600365.SSE,36
2549,600366.SSE,12
2550,600367.SSE,22
2551,600368.SSE,50
2552,600369.SSE,41
2553,600370.SSE,34
2554,600371.SSE,37
2555,600372.SSE,28
2556,600373.SSE,63
2557,600375.SSE,30
2558,600376.SSE,42
2559,600377.SSE,50
2560,600378.SSE,10
2561,600379.SSE,27
2562,600380.SSE,35
2563,600381.SSE,36
2564,600382.SSE,70
2565,600383.SSE,42
2566,600385.SSE,12
2567,600386.SSE,63
2568,600387.SSE,10
2569,600388.SSE,20
2570,600389.SSE,22
2571,600390.SSE,41
2572,600391.SSE,28
2573,600392.SSE,12
2574,600393.SSE,42
2575,600395.SSE,11
2576,600396.SSE,20
2577,600397.SSE,11
2578,600398.SSE,34
2579,600399.SSE,28
2580,600400.SSE,34
2581,600403.SSE,11
2582,600405.SSE,61
2583,600406.SSE,27
2584,600408.SSE,11
2585,600409.SSE,22
2586,600410.SSE,62
2587,600415.SSE,31
2588,600416.SSE,27
2589,600418.SSE,30
2590,600419.SSE,36
2591,600420.SSE,35
2592,600421.SSE,26
2593,600422.SSE,35
2594,600423.SSE,22
2595,600425.SSE,24
2596,600426.SSE,22
2597,600428.SSE,50
2598,600429.SSE,36
2599,600433.SSE,25
2600,600435.SSE,28
2601,600436.SSE,35
2602,600438.SSE,27
2603,600439.SSE,34
2604,600444.SSE,22
2605,600446.SSE,62
2606,600448.SSE,34
2607,600449.SSE,24
2608,600452.SSE,20
2609,600455.SSE,63
2610,600456.SSE,12
2611,600458.SSE,26
2612,600459.SSE,12
2613,600460.SSE,60
2614,600461.SSE,20
2615,600462.SSE,61
2616,600463.SSE,42
2617,600466.SSE,42
2618,600467.SSE,37
2619,600468.SSE,27
2620,600469.SSE,30
2621,600470.SSE,22
2622,600475.SSE,27
2623,600476.SSE,62
2624,600477.SSE,23
2625,600478.SSE,60
2626,600479.SSE,35
2627,600480.SSE,30
2628,600481.SSE,26
2629,600482.SSE,28
2630,600483.SSE,20
2631,600485.SSE,61
2632,600486.SSE,22
2633,600487.SSE,61
2634,600488.SSE,35
2635,600489.SSE,12
2636,600490.SSE,12
2637,600491.SSE,23
2638,600493.SSE,34
2639,600495.SSE,26
2640,600496.SSE,23
2641,600497.SSE,12
2642,600498.SSE,61
2643,600499.SSE,20
2644,600500.SSE,22
2645,600501.SSE,28
2646,600502.SSE,23
2647,600503.SSE,42
2648,600505.SSE,20
2649,600506.SSE,37
2650,600507.SSE,21
2651,600508.SSE,11
2652,600509.SSE,20
2653,600510.SSE,70
2654,600511.SSE,35
2655,600512.SSE,23
2656,600513.SSE,35
2657,600515.SSE,42
2658,600516.SSE,24
2659,600517.SSE,27
2660,600518.SSE,35
2661,600519.SSE,36
2662,600520.SSE,26
2663,600521.SSE,35
2664,600522.SSE,61
2665,600523.SSE,30
2666,600525.SSE,60
2667,600526.SSE,20
2668,600527.SSE,34
2669,600528.SSE,23
2670,600529.SSE,35
2671,600530.SSE,35
2672,600531.SSE,12
2673,600532.SSE,21
2674,600533.SSE,42
2675,600535.SSE,35
2676,600536.SSE,62
2677,600537.SSE,27
2678,600538.SSE,22
2679,600539.SSE,24
2680,600540.SSE,37
2681,600543.SSE,36
2682,600545.SSE,23
2683,600546.SSE,11
2684,600547.SSE,12
2685,600548.SSE,50
2686,600549.SSE,12
2687,600550.SSE,27
2688,600551.SSE,63
2689,600552.SSE,60
2690,600555.SSE,42
2691,600556.SSE,42
2692,600557.SSE,35
2693,600558.SSE,26
2694,600559.SSE,36
2695,600560.SSE,26
2696,600561.SSE,50
2697,600562.SSE,28
2698,600563.SSE,60
2699,600565.SSE,42
2700,600566.SSE,35
2701,600567.SSE,25
2702,600568.SSE,35
2703,600569.SSE,21
2704,600570.SSE,62
2705,600571.SSE,62
2706,600572.SSE,35
2707,600573.SSE,36
2708,600575.SSE,50
2709,600576.SSE,63
2710,600577.SSE,27
2711,600578.SSE,20
2712,600579.SSE,26
2713,600580.SSE,27
2714,600581.SSE,21
2715,600582.SSE,26
2716,600583.SSE,10
2717,600584.SSE,60
2718,600585.SSE,24
2719,600586.SSE,24
2720,600587.SSE,35
2721,600588.SSE,62
2722,600589.SSE,22
2723,600590.SSE,27
2724,600592.SSE,26
2725,600593.SSE,32
2726,600594.SSE,35
2727,600595.SSE,12
2728,600596.SSE,22
2729,600597.SSE,36
2730,600598.SSE,37
2731,600599.SSE,41
2732,600600.SSE,36
2733,600601.SSE,62
2734,600602.SSE,62
2735,600603.SSE,42
2736,600604.SSE,42
2737,600605.SSE,31
2738,600606.SSE,42
2739,600608.SSE,21
2740,600609.SSE,30
2741,600610.SSE,23
2742,600611.SSE,50
2743,600612.SSE,31
2744,600613.SSE,35
2745,600614.SSE,12
2746,600615.SSE,12
2747,600616.SSE,36
2748,600617.SSE,20
2749,600618.SSE,22
2750,600619.SSE,33
2751,600620.SSE,70
2752,600621.SSE,41
2753,600622.SSE,42
2754,600623.SSE,22
2755,600624.SSE,70
2756,600626.SSE,70
2757,600628.SSE,31
2758,600629.SSE,23
2759,600630.SSE,34
2760,600633.SSE,63
2761,600634.SSE,70
2762,600635.SSE,20
2763,600636.SSE,22
2764,600637.SSE,63
2765,600638.SSE,42
2766,600639.SSE,42
2767,600640.SSE,63
2768,600641.SSE,42
2769,600642.SSE,20
2770,600643.SSE,41
2771,600644.SSE,20
2772,600645.SSE,35
2773,600647.SSE,42
2774,600648.SSE,42
2775,600649.SSE,42
2776,600650.SSE,50
2777,600651.SSE,33
2778,600652.SSE,63
2779,600653.SSE,30
2780,600654.SSE,62
2781,600655.SSE,31
2782,600657.SSE,42
2783,600658.SSE,42
2784,600660.SSE,30
2785,600661.SSE,63
2786,600662.SSE,50
2787,600663.SSE,42
2788,600664.SSE,35
2789,600665.SSE,42
2790,600666.SSE,26
2791,600667.SSE,60
2792,600668.SSE,70
2793,600671.SSE,35
2794,600673.SSE,12
2795,600674.SSE,20
2796,600675.SSE,42
2797,600676.SSE,30
2798,600677.SSE,28
2799,600678.SSE,24
2800,600679.SSE,25
2801,600681.SSE,20
2802,600682.SSE,31
2803,600683.SSE,42
2804,600684.SSE,42
2805,600685.SSE,28
2806,600686.SSE,30
2807,600687.SSE,12
2808,600688.SSE,10
2809,600689.SSE,34
2810,600690.SSE,33
2811,600691.SSE,22
2812,600692.SSE,50
2813,600693.SSE,31
2814,600694.SSE,31
2815,600695.SSE,41
2816,600696.SSE,42
2817,600697.SSE,31
2818,600698.SSE,30
2819,600699.SSE,30
2820,600701.SSE,62
2821,600702.SSE,36
2822,600703.SSE,60
2823,600704.SSE,70
2824,600705.SSE,41
2825,600706.SSE,32
2826,600707.SSE,60
2827,600708.SSE,42
2828,600710.SSE,31
2829,600711.SSE,12
2830,600712.SSE,31
2831,600713.SSE,35
2832,600714.SSE,11
2833,600715.SSE,63
2834,600716.SSE,42
2835,600717.SSE,50
2836,600718.SSE,62
2837,600719.SSE,20
2838,600720.SSE,24
2839,600721.SSE,35
2840,600722.SSE,22
2841,600723.SSE,31
2842,600724.SSE,42
2843,600725.SSE,11
2844,600726.SSE,20
2845,600727.SSE,22
2846,600728.SSE,62
2847,600729.SSE,31
2848,600730.SSE,70
2849,600731.SSE,22
2850,600732.SSE,42
2851,600733.SSE,30
2852,600734.SSE,62
2853,600735.SSE,31
2854,600736.SSE,42
2855,600737.SSE,37
2856,600738.SSE,31
2857,600739.SSE,41
2858,600740.SSE,11
2859,600741.SSE,30
2860,600742.SSE,30
2861,600743.SSE,42
2862,600744.SSE,20
2863,600745.SSE,61
2864,600746.SSE,22
2865,600748.SSE,42
2866,600749.SSE,32
2867,600750.SSE,35
2868,600751.SSE,50
2869,600753.SSE,31
2870,600754.SSE,32
2871,600755.SSE,31
2872,600756.SSE,62
2873,600757.SSE,63
2874,600758.SSE,11
2875,600759.SSE,10
2876,600760.SSE,28
2877,600761.SSE,26
2878,600763.SSE,35
2879,600764.SSE,28
2880,600765.SSE,28
2881,600766.SSE,12
2882,600767.SSE,35
2883,600768.SSE,12
2884,600769.SSE,20
2885,600770.SSE,70
2886,600771.SSE,35
2887,600773.SSE,42
2888,600774.SSE,31
2889,600775.SSE,61
2890,600776.SSE,61
2891,600777.SSE,10
2892,600778.SSE,31
2893,600779.SSE,36
2894,600780.SSE,20
2895,600781.SSE,35
2896,600782.SSE,21
2897,600783.SSE,41
2898,600784.SSE,70
2899,600785.SSE,31
2900,600787.SSE,50
2901,600789.SSE,35
2902,600790.SSE,31
2903,600791.SSE,42
2904,600792.SSE,11
2905,600793.SSE,25
2906,600794.SSE,50
2907,600795.SSE,20
2908,600796.SSE,22
2909,600797.SSE,62
2910,600798.SSE,50
2911,600800.SSE,62
2912,600801.SSE,24
2913,600802.SSE,24
2914,600803.SSE,22
2915,600804.SSE,61
2916,600805.SSE,70
2917,600807.SSE,42
2918,600808.SSE,21
2919,600809.SSE,36
2920,600810.SSE,22
2921,600811.SSE,31
2922,600812.SSE,35
2923,600814.SSE,31
2924,600815.SSE,26
2925,600816.SSE,41
2926,600817.SSE,42
2927,600818.SSE,30
2928,600819.SSE,24
2929,600820.SSE,23
2930,600821.SSE,31
2931,600822.SSE,31
2932,600823.SSE,42
2933,600824.SSE,31
2934,600825.SSE,63
2935,600826.SSE,31
2936,600827.SSE,31
2937,600828.SSE,31
2938,600829.SSE,35
2939,600830.SSE,41
2940,600831.SSE,63
2941,600833.SSE,35
2942,600834.SSE,50
2943,600835.SSE,26
2944,600836.SSE,25
2945,600837.SSE,41
2946,600838.SSE,31
2947,600839.SSE,33
2948,600841.SSE,30
2949,600843.SSE,26
2950,600844.SSE,22
2951,600845.SSE,62
2952,600846.SSE,23
2953,600847.SSE,27
2954,600848.SSE,42
2955,600850.SSE,62
2956,600851.SSE,35
2957,600853.SSE,23
2958,600854.SSE,33
2959,600855.SSE,62
2960,600856.SSE,10
2961,600857.SSE,31
2962,600858.SSE,31
2963,600859.SSE,31
2964,600860.SSE,26
2965,600861.SSE,31
2966,600862.SSE,28
2967,600863.SSE,20
2968,600864.SSE,41
2969,600865.SSE,31
2970,600866.SSE,36
2971,600867.SSE,35
2972,600868.SSE,20
2973,600869.SSE,27
2974,600870.SSE,33
2975,600871.SSE,10
2976,600872.SSE,36
2977,600873.SSE,36
2978,600874.SSE,20
2979,600875.SSE,27
2980,600876.SSE,24
2981,600877.SSE,70
2982,600879.SSE,28
2983,600880.SSE,63
2984,600881.SSE,70
2985,600882.SSE,36
2986,600883.SSE,24
2987,600884.SSE,60
2988,600885.SSE,27
2989,600886.SSE,20
2990,600887.SSE,36
2991,600888.SSE,12
2992,600889.SSE,22
2993,600890.SSE,42
2994,600891.SSE,31
2995,600892.SSE,63
2996,600893.SSE,28
2997,600894.SSE,26
2998,600895.SSE,42
2999,600896.SSE,35
3000,600897.SSE,50
3001,600898.SSE,61
3002,600900.SSE,20
3003,600901.SSE,41
3004,600903.SSE,20
3005,600908.SSE,40
3006,600909.SSE,41
3007,600917.SSE,20
3008,600919.SSE,40
3009,600926.SSE,40
3010,600928.SSE,40
3011,600929.SSE,36
3012,600933.SSE,30
3013,600936.SSE,63
3014,600939.SSE,23
3015,600958.SSE,41
3016,600959.SSE,63
3017,600960.SSE,30
3018,600961.SSE,12
3019,600962.SSE,37
3020,600963.SSE,25
3021,600965.SSE,37
3022,600966.SSE,25
3023,600967.SSE,28
3024,600968.SSE,10
3025,600969.SSE,20
3026,600970.SSE,23
3027,600971.SSE,11
3028,600973.SSE,27
3029,600975.SSE,37
3030,600976.SSE,35
3031,600977.SSE,63
3032,600978.SSE,37
3033,600979.SSE,20
3034,600980.SSE,12
3035,600981.SSE,31
3036,600982.SSE,20
3037,600983.SSE,33
3038,600984.SSE,26
3039,600985.SSE,22
3040,600986.SSE,63
3041,600987.SSE,34
3042,600988.SSE,12
3043,600989.SSE,22
3044,600990.SSE,28
3045,600992.SSE,26
3046,600993.SSE,35
3047,600995.SSE,20
3048,600996.SSE,63
3049,600997.SSE,11
3050,600998.SSE,35
3051,600999.SSE,41
3052,601000.SSE,50
3053,601001.SSE,11
3054,601002.SSE,26
3055,601003.SSE,21
3056,601005.SSE,21
3057,601006.SSE,50
3058,601007.SSE,32
3059,601008.SSE,50
3060,601009.SSE,40
3061,601010.SSE,31
3062,601011.SSE,11
3063,601012.SSE,27
3064,601015.SSE,11
3065,601016.SSE,20
3066,601018.SSE,50
3067,601019.SSE,63
3068,601020.SSE,12
3069,601021.SSE,50
3070,601028.SSE,21
3071,601038.SSE,26
3072,601058.SSE,30
3073,601066.SSE,41
3074,601068.SSE,23
3075,601069.SSE,12
3076,601077.SSE,--
3077,601086.SSE,31
3078,601088.SSE,11
3079,601098.SSE,63
3080,601099.SSE,41
3081,601100.SSE,26
3082,601101.SSE,11
3083,601106.SSE,26
3084,601107.SSE,50
3085,601108.SSE,41
3086,601111.SSE,50
3087,601113.SSE,10
3088,601116.SSE,31
3089,601117.SSE,23
3090,601118.SSE,37
3091,601126.SSE,27
3092,601127.SSE,30
3093,601128.SSE,40
3094,601137.SSE,12
3095,601138.SSE,61
3096,601139.SSE,20
3097,601155.SSE,42
3098,601158.SSE,20
3099,601162.SSE,41
3100,601163.SSE,22
3101,601166.SSE,40
3102,601168.SSE,12
3103,601169.SSE,40
3104,601177.SSE,26
3105,601179.SSE,27
3106,601186.SSE,23
3107,601188.SSE,50
3108,601198.SSE,41
3109,601199.SSE,20
3110,601200.SSE,20
3111,601208.SSE,22
3112,601211.SSE,41
3113,601212.SSE,12
3114,601216.SSE,22
3115,601218.SSE,27
3116,601222.SSE,27
3117,601225.SSE,11
3118,601226.SSE,23
3119,601228.SSE,50
3120,601229.SSE,40
3121,601231.SSE,60
3122,601233.SSE,10
3123,601236.SSE,41
3124,601238.SSE,30
3125,601258.SSE,30
3126,601288.SSE,40
3127,601298.SSE,50
3128,601311.SSE,30
3129,601318.SSE,41
3130,601319.SSE,41
3131,601326.SSE,50
3132,601328.SSE,40
3133,601330.SSE,20
3134,601333.SSE,50
3135,601336.SSE,41
3136,601339.SSE,34
3137,601360.SSE,63
3138,601366.SSE,31
3139,601368.SSE,20
3140,601369.SSE,26
3141,601375.SSE,41
3142,601377.SSE,41
3143,601388.SSE,12
3144,601390.SSE,23
3145,601398.SSE,40
3146,601500.SSE,22
3147,601512.SSE,--
3148,601515.SSE,25
3149,601518.SSE,50
3150,601519.SSE,62
3151,601555.SSE,41
3152,601558.SSE,27
3153,601566.SSE,34
3154,601567.SSE,27
3155,601577.SSE,40
3156,601579.SSE,36
3157,601588.SSE,42
3158,601595.SSE,63
3159,601598.SSE,50
3160,601599.SSE,63
3161,601600.SSE,12
3162,601601.SSE,41
3163,601606.SSE,28
3164,601607.SSE,35
3165,601608.SSE,26
3166,601611.SSE,23
3167,601615.SSE,27
3168,601616.SSE,27
3169,601618.SSE,23
3170,601619.SSE,20
3171,601628.SSE,41
3172,601633.SSE,30
3173,601636.SSE,24
3174,601658.SSE,--
3175,601666.SSE,11
3176,601668.SSE,23
3177,601669.SSE,23
3178,601677.SSE,12
3179,601678.SSE,22
3180,601688.SSE,41
3181,601689.SSE,30
3182,601698.SSE,28
3183,601699.SSE,11
3184,601700.SSE,27
3185,601717.SSE,26
3186,601718.SSE,34
3187,601727.SSE,27
3188,601766.SSE,26
3189,601777.SSE,30
3190,601788.SSE,41
3191,601789.SSE,23
3192,601798.SSE,26
3193,601799.SSE,30
3194,601800.SSE,23
3195,601801.SSE,63
3196,601808.SSE,10
3197,601811.SSE,63
3198,601818.SSE,40
3199,601828.SSE,31
3200,601838.SSE,40
3201,601857.SSE,10
3202,601858.SSE,63
3203,601860.SSE,40
3204,601865.SSE,24
3205,601866.SSE,50
3206,601869.SSE,61
3207,601872.SSE,50
3208,601877.SSE,27
3209,601878.SSE,41
3210,601880.SSE,50
3211,601881.SSE,41
3212,601882.SSE,26
3213,601886.SSE,23
3214,601888.SSE,32
3215,601890.SSE,26
3216,601898.SSE,11
3217,601899.SSE,12
3218,601900.SSE,63
3219,601901.SSE,41
3220,601908.SSE,27
3221,601916.SSE,--
3222,601918.SSE,11
3223,601919.SSE,50
3224,601928.SSE,63
3225,601929.SSE,63
3226,601933.SSE,31
3227,601939.SSE,40
3228,601949.SSE,63
3229,601952.SSE,37
3230,601958.SSE,12
3231,601965.SSE,30
3232,601966.SSE,22
3233,601968.SSE,25
3234,601969.SSE,21
3235,601975.SSE,50
3236,601985.SSE,20
3237,601988.SSE,40
3238,601989.SSE,28
3239,601990.SSE,41
3240,601991.SSE,20
3241,601992.SSE,70
3242,601996.SSE,37
3243,601997.SSE,40
3244,601998.SSE,40
3245,601999.SSE,63
3246,603000.SSE,63
3247,603001.SSE,34
3248,603002.SSE,22
3249,603003.SSE,62
3250,603005.SSE,60
3251,603006.SSE,30
3252,603007.SSE,23
3253,603008.SSE,25
3254,603009.SSE,30
3255,603010.SSE,22
3256,603011.SSE,26
3257,603012.SSE,26
3258,603013.SSE,30
3259,603015.SSE,26
3260,603016.SSE,27
3261,603017.SSE,23
3262,603018.SSE,23
3263,603019.SSE,62
3264,603020.SSE,36
3265,603021.SSE,25
3266,603022.SSE,25
3267,603023.SSE,30
3268,603025.SSE,62
3269,603026.SSE,22
3270,603027.SSE,36
3271,603028.SSE,26
3272,603029.SSE,26
3273,603030.SSE,23
3274,603031.SSE,31
3275,603032.SSE,50
3276,603033.SSE,22
3277,603035.SSE,30
3278,603036.SSE,26
3279,603037.SSE,30
3280,603038.SSE,24
3281,603039.SSE,62
3282,603040.SSE,30
3283,603041.SSE,22
3284,603042.SSE,61
3285,603043.SSE,32
3286,603045.SSE,12
3287,603050.SSE,27
3288,603053.SSE,--
3289,603055.SSE,34
3290,603056.SSE,50
3291,603058.SSE,25
3292,603059.SSE,25
3293,603060.SSE,70
3294,603063.SSE,27
3295,603066.SSE,50
3296,603067.SSE,22
3297,603068.SSE,60
3298,603069.SSE,50
3299,603076.SSE,26
3300,603077.SSE,22
3301,603078.SSE,22
3302,603079.SSE,35
3303,603080.SSE,20
3304,603081.SSE,26
3305,603083.SSE,61
3306,603085.SSE,30
3307,603086.SSE,22
3308,603088.SSE,26
3309,603089.SSE,30
3310,603090.SSE,26
3311,603093.SSE,41
3312,603096.SSE,63
3313,603098.SSE,23
3314,603099.SSE,32
3315,603100.SSE,26
3316,603101.SSE,31
3317,603103.SSE,63
3318,603105.SSE,27
3319,603106.SSE,62
3320,603108.SSE,35
3321,603110.SSE,22
3322,603111.SSE,26
3323,603113.SSE,11
3324,603115.SSE,26
3325,603116.SSE,34
3326,603117.SSE,50
3327,603118.SSE,61
3328,603121.SSE,30
3329,603123.SSE,31
3330,603126.SSE,20
3331,603127.SSE,35
3332,603128.SSE,50
3333,603129.SSE,30
3334,603131.SSE,26
3335,603133.SSE,22
3336,603136.SSE,32
3337,603138.SSE,62
3338,603139.SSE,35
3339,603156.SSE,36
3340,603157.SSE,34
3341,603158.SSE,30
3342,603159.SSE,26
3343,603160.SSE,60
3344,603161.SSE,30
3345,603165.SSE,25
3346,603166.SSE,30
3347,603167.SSE,50
3348,603168.SSE,35
3349,603169.SSE,26
3350,603177.SSE,20
3351,603178.SSE,30
3352,603179.SSE,30
3353,603180.SSE,25
3354,603181.SSE,22
3355,603183.SSE,70
3356,603185.SSE,26
3357,603186.SSE,60
3358,603187.SSE,26
3359,603188.SSE,22
3360,603189.SSE,62
3361,603192.SSE,22
3362,603196.SSE,34
3363,603197.SSE,30
3364,603198.SSE,36
3365,603199.SSE,32
3366,603200.SSE,20
3367,603203.SSE,26
3368,603208.SSE,25
3369,603214.SSE,31
3370,603217.SSE,22
3371,603218.SSE,27
3372,603220.SSE,61
3373,603222.SSE,35
3374,603223.SSE,50
3375,603225.SSE,10
3376,603226.SSE,25
3377,603227.SSE,22
3378,603228.SSE,60
3379,603229.SSE,35
3380,603232.SSE,62
3381,603233.SSE,35
3382,603236.SSE,61
3383,603238.SSE,34
3384,603239.SSE,30
3385,603256.SSE,22
3386,603258.SSE,63
3387,603259.SSE,35
3388,603260.SSE,12
3389,603266.SSE,22
3390,603267.SSE,60
3391,603268.SSE,24
3392,603269.SSE,26
3393,603277.SSE,26
3394,603278.SSE,26
3395,603279.SSE,26
3396,603283.SSE,26
3397,603286.SSE,30
3398,603288.SSE,36
3399,603289.SSE,26
3400,603297.SSE,60
3401,603298.SSE,26
3402,603299.SSE,22
3403,603300.SSE,23
3404,603301.SSE,35
3405,603303.SSE,33
3406,603305.SSE,30
3407,603306.SSE,30
3408,603308.SSE,26
3409,603309.SSE,35
3410,603311.SSE,33
3411,603313.SSE,25
3412,603315.SSE,26
3413,603316.SSE,23
3414,603317.SSE,36
3415,603318.SSE,26
3416,603319.SSE,30
3417,603320.SSE,27
3418,603321.SSE,26
3419,603322.SSE,61
3420,603323.SSE,40
3421,603326.SSE,25
3422,603327.SSE,60
3423,603328.SSE,60
3424,603329.SSE,50
3425,603330.SSE,22
3426,603331.SSE,26
3427,603332.SSE,22
3428,603333.SSE,27
3429,603335.SSE,30
3430,603336.SSE,37
3431,603337.SSE,26
3432,603338.SSE,26
3433,603339.SSE,26
3434,603345.SSE,36
3435,603348.SSE,30
3436,603351.SSE,35
3437,603355.SSE,33
3438,603356.SSE,26
3439,603357.SSE,23
3440,603358.SSE,30
3441,603359.SSE,23
3442,603360.SSE,22
3443,603363.SSE,37
3444,603365.SSE,34
3445,603366.SSE,33
3446,603367.SSE,35
3447,603368.SSE,35
3448,603369.SSE,36
3449,603377.SSE,70
3450,603378.SSE,22
3451,603379.SSE,22
3452,603380.SSE,60
3453,603383.SSE,62
3454,603385.SSE,24
3455,603386.SSE,60
3456,603387.SSE,35
3457,603388.SSE,23
3458,603389.SSE,25
3459,603390.SSE,--
3460,603393.SSE,20
3461,603396.SSE,27
3462,603398.SSE,25
3463,603399.SSE,12
3464,603416.SSE,26
3465,603421.SSE,61
3466,603429.SSE,25
3467,603444.SSE,63
3468,603456.SSE,35
3469,603458.SSE,23
3470,603466.SSE,23
3471,603477.SSE,34
3472,603486.SSE,26
3473,603488.SSE,26
3474,603489.SSE,--
3475,603496.SSE,62
3476,603499.SSE,25
3477,603500.SSE,26
3478,603501.SSE,60
3479,603505.SSE,24
3480,603506.SSE,42
3481,603507.SSE,27
3482,603508.SSE,60
3483,603515.SSE,33
3484,603516.SSE,62
3485,603517.SSE,36
3486,603518.SSE,34
3487,603519.SSE,22
3488,603520.SSE,35
3489,603527.SSE,12
3490,603528.SSE,62
3491,603530.SSE,27
3492,603533.SSE,63
3493,603535.SSE,50
3494,603536.SSE,36
3495,603538.SSE,35
3496,603555.SSE,34
3497,603556.SSE,26
3498,603557.SSE,34
3499,603558.SSE,34
3500,603559.SSE,61
3501,603566.SSE,37
3502,603567.SSE,35
3503,603568.SSE,20
3504,603569.SSE,50
3505,603577.SSE,27
3506,603578.SSE,33
3507,603579.SSE,33
3508,603580.SSE,22
3509,603583.SSE,26
3510,603585.SSE,22
3511,603586.SSE,30
3512,603587.SSE,34
3513,603588.SSE,20
3514,603589.SSE,36
3515,603590.SSE,35
3516,603595.SSE,60
3517,603596.SSE,30
3518,603598.SSE,63
3519,603599.SSE,22
3520,603600.SSE,25
3521,603601.SSE,22
3522,603602.SSE,61
3523,603603.SSE,20
3524,603605.SSE,22
3525,603606.SSE,27
3526,603607.SSE,25
3527,603608.SSE,34
3528,603609.SSE,37
3529,603610.SSE,--
3530,603611.SSE,30
3531,603612.SSE,12
3532,603613.SSE,63
3533,603615.SSE,22
3534,603616.SSE,24
3535,603617.SSE,26
3536,603618.SSE,27
3537,603619.SSE,10
3538,603626.SSE,26
3539,603628.SSE,27
3540,603629.SSE,60
3541,603630.SSE,22
3542,603633.SSE,60
3543,603636.SSE,62
3544,603637.SSE,23
3545,603638.SSE,26
3546,603639.SSE,22
3547,603648.SSE,50
3548,603650.SSE,22
3549,603655.SSE,30
3550,603656.SSE,26
3551,603657.SSE,33
3552,603658.SSE,35
3553,603659.SSE,60
3554,603660.SSE,62
3555,603661.SSE,25
3556,603662.SSE,26
3557,603663.SSE,12
3558,603665.SSE,34
3559,603666.SSE,26
3560,603667.SSE,26
3561,603668.SSE,37
3562,603669.SSE,35
3563,603676.SSE,35
3564,603677.SSE,33
3565,603678.SSE,60
3566,603679.SSE,33
3567,603680.SSE,26
3568,603681.SSE,22
3569,603683.SSE,22
3570,603685.SSE,33
3571,603686.SSE,20
3572,603687.SSE,25
3573,603688.SSE,60
3574,603689.SSE,20
3575,603690.SSE,26
3576,603693.SSE,20
3577,603696.SSE,36
3578,603697.SSE,36
3579,603698.SSE,26
3580,603699.SSE,26
3581,603700.SSE,26
3582,603701.SSE,30
3583,603703.SSE,60
3584,603706.SSE,20
3585,603707.SSE,35
3586,603708.SSE,31
3587,603709.SSE,25
3588,603711.SSE,36
3589,603712.SSE,61
3590,603713.SSE,50
3591,603716.SSE,35
3592,603717.SSE,23
3593,603718.SSE,35
3594,603721.SSE,63
3595,603722.SSE,22
3596,603725.SSE,24
3597,603726.SSE,26
3598,603727.SSE,10
3599,603728.SSE,27
3600,603729.SSE,63
3601,603730.SSE,30
3602,603733.SSE,25
3603,603737.SSE,22
3604,603738.SSE,60
3605,603739.SSE,37
3606,603755.SSE,36
3607,603757.SSE,26
3608,603758.SSE,30
3609,603766.SSE,30
3610,603767.SSE,30
3611,603768.SSE,30
3612,603773.SSE,60
3613,603776.SSE,30
3614,603777.SSE,36
3615,603778.SSE,23
3616,603779.SSE,36
3617,603786.SSE,30
3618,603787.SSE,30
3619,603788.SSE,30
3620,603789.SSE,26
3621,603790.SSE,22
3622,603797.SSE,20
3623,603798.SSE,10
3624,603799.SSE,12
3625,603800.SSE,10
3626,603801.SSE,25
3627,603803.SSE,61
3628,603806.SSE,27
3629,603808.SSE,34
3630,603809.SSE,30
3631,603810.SSE,22
3632,603811.SSE,35
3633,603813.SSE,50
3634,603815.SSE,--
3635,603816.SSE,25
3636,603817.SSE,20
3637,603818.SSE,25
3638,603819.SSE,26
3639,603822.SSE,22
3640,603823.SSE,22
3641,603825.SSE,63
3642,603826.SSE,24
3643,603828.SSE,23
3644,603829.SSE,27
3645,603833.SSE,25
3646,603838.SSE,24
3647,603839.SSE,34
3648,603843.SSE,23
3649,603848.SSE,25
3650,603855.SSE,26
3651,603856.SSE,26
3652,603858.SSE,35
3653,603859.SSE,62
3654,603860.SSE,26
3655,603861.SSE,27
3656,603863.SSE,25
3657,603866.SSE,36
3658,603867.SSE,22
3659,603868.SSE,33
3660,603869.SSE,62
3661,603871.SSE,50
3662,603876.SSE,12
3663,603877.SSE,34
3664,603878.SSE,21
3665,603879.SSE,22
3666,603880.SSE,35
3667,603881.SSE,62
3668,603882.SSE,35
3669,603883.SSE,35
3670,603885.SSE,50
3671,603886.SSE,36
3672,603887.SSE,23
3673,603888.SSE,63
3674,603889.SSE,34
3675,603890.SSE,62
3676,603895.SSE,26
3677,603896.SSE,35
3678,603897.SSE,27
3679,603898.SSE,25
3680,603899.SSE,25
3681,603900.SSE,31
3682,603901.SSE,26
3683,603903.SSE,20
3684,603906.SSE,22
3685,603908.SSE,34
3686,603909.SSE,23
3687,603912.SSE,26
3688,603915.SSE,26
3689,603916.SSE,22
3690,603917.SSE,30
3691,603918.SSE,62
3692,603919.SSE,36
3693,603920.SSE,60
3694,603922.SSE,30
3695,603926.SSE,30
3696,603927.SSE,62
3697,603928.SSE,22
3698,603929.SSE,23
3699,603933.SSE,60
3700,603936.SSE,60
3701,603937.SSE,12
3702,603938.SSE,22
3703,603939.SSE,35
3704,603955.SSE,23
3705,603956.SSE,26
3706,603958.SSE,34
3707,603959.SSE,23
3708,603960.SSE,26
3709,603963.SSE,35
3710,603966.SSE,26
3711,603967.SSE,50
3712,603968.SSE,22
3713,603969.SSE,21
3714,603970.SSE,22
3715,603976.SSE,25
3716,603977.SSE,22
3717,603978.SSE,12
3718,603979.SSE,12
3719,603980.SSE,22
3720,603982.SSE,30
3721,603983.SSE,22
3722,603985.SSE,26
3723,603986.SSE,60
3724,603987.SSE,35
3725,603988.SSE,27
3726,603989.SSE,60
3727,603990.SSE,62
3728,603991.SSE,22
3729,603992.SSE,25
3730,603993.SSE,12
3731,603995.SSE,--
3732,603996.SSE,60
3733,603997.SSE,30
3734,603998.SSE,35
3735,603999.SSE,63
3736,900901.SSE,62
3737,900902.SSE,42
3738,900903.SSE,50
3739,900904.SSE,35
3740,900905.SSE,31
3741,900906.SSE,23
3742,900907.SSE,12
3743,900908.SSE,22
3744,900909.SSE,22
3745,900910.SSE,33
3746,900911.SSE,42
3747,900912.SSE,42
3748,900913.SSE,20
3749,900914.SSE,50
3750,900915.SSE,30
3751,900916.SSE,25
3752,900917.SSE,35
3753,900918.SSE,24
3754,900919.SSE,41
3755,900920.SSE,30
3756,900921.SSE,22
3757,900922.SSE,34
3758,900923.SSE,31
3759,900924.SSE,26
3760,900925.SSE,26
3761,900926.SSE,62
3762,900927.SSE,31
3763,900928.SSE,42
3764,900929.SSE,--
3765,900932.SSE,42
3766,900933.SSE,24
3767,900934.SSE,32
3768,900936.SSE,21
3769,900937.SSE,20
3770,900938.SSE,50
3771,900939.SSE,--
3772,900940.SSE,42
3773,900941.SSE,61
3774,900942.SSE,32
3775,900943.SSE,35
3776,900945.SSE,50
3777,900946.SSE,30
3778,900947.SSE,26
3779,900948.SSE,--
3780,900951.SSE,--
3781,900952.SSE,50
3782,900953.SSE,--
3783,900955.SSE,42
3784,900956.SSE,--
3785,900957.SSE,--
3786,688001.SSE,26
3787,688002.SSE,60
3788,688003.SSE,26
3789,688005.SSE,60
3790,688006.SSE,26
3791,688007.SSE,60
3792,688008.SSE,60
3793,688009.SSE,26
3794,688010.SSE,60
3795,688011.SSE,28
3796,688012.SSE,60
3797,688015.SSE,26
3798,688016.SSE,35
3799,688018.SSE,62
3800,688019.SSE,22
3801,688020.SSE,60
3802,688021.SSE,--
3803,688022.SSE,26
3804,688023.SSE,--
3805,688025.SSE,--
3806,688028.SSE,26
3807,688029.SSE,35
3808,688030.SSE,62
3809,688033.SSE,26
3810,688036.SSE,60
3811,688037.SSE,--
3812,688039.SSE,--
3813,688058.SSE,--
3814,688066.SSE,62
3815,688068.SSE,35
3816,688078.SSE,--
3817,688088.SSE,62
3818,688089.SSE,--
3819,688098.SSE,--
3820,688099.SSE,60
3821,688101.SSE,--
3822,688108.SSE,--
3823,688111.SSE,--
3824,688116.SSE,22
3825,688118.SSE,--
3826,688122.SSE,12
3827,688123.SSE,--
3828,688128.SSE,--
3829,688138.SSE,--
3830,688139.SSE,--
3831,688166.SSE,--
3832,688168.SSE,62
3833,688188.SSE,62
3834,688196.SSE,--
3835,688198.SSE,--
3836,688199.SSE,--
3837,688202.SSE,--
3838,688218.SSE,--
3839,688258.SSE,--
3840,688268.SSE,--
3841,688288.SSE,--
3842,688299.SSE,--
3843,688300.SSE,--
3844,688310.SSE,--
3845,688321.SSE,35
3846,688333.SSE,26
3847,688357.SSE,--
3848,688358.SSE,--
3849,688363.SSE,--
3850,688366.SSE,--
3851,688368.SSE,60
3852,688369.SSE,--
3853,688388.SSE,60
3854,688389.SSE,--
3855,688399.SSE,--
